taxonname,group,2010,2011,2012,2013,2014,2015,2016,2017,2019,2020
Ablabesmyia_monilis,Diptera,0,0,0,0,0,0,0,0,0,0
Ablabesmyia_sp.,Diptera,0,0,0,0,0,0,0,0,0,0
Acentrella_inexpectata,Ephemeroptera,0,0,0,0,0,0,0,0,0,0
Acentria_ephemerella,Lepidoptera,0,0,0,0,0,0,0,0,0,0
Acilius_canaliculatus_Ad.,Coleoptera,0,0,0,0,0,0,0,0,0,0
Acilius_sp._Ad.,Coleoptera,0,0,0,0,0,0,0,0,0,0
Acroloxus_lacustris,Gastropoda,0,0,0,0,0,0,0,0,0,0
Aeshna_caerulea,Odonata,0,0,0,0,0,0,0,0,0,0
Aeshna_cyanea,Odonata,0,0,0,0,0,0,0,0,0,0
Aeshna_grandis,Odonata,0,0,0,0,0,0,0,0,0,0
Aeshna_juncea,Odonata,0,0,0,0,0,0,0,0,0,0
Aeshna_sp.,Odonata,0,0,0,0,0,0,0,0,0,0
Agabus_sp._Ad.,Coleoptera,0,0,0,0,0,0,0,0,0,0
Agapetus_ochripes,Trichoptera,0,0,0,0,0,0,0,0,0,0
Agapetus_sp.,Trichoptera,0,0,0,0,0,0,0,0,0,0
Agraylea_multipunctata,Trichoptera,0,0,0,0,0,0,0,0,0,0
Agrypnia_obsoleta,Trichoptera,0,0,0,0,0,0,0,0,0,0
Agrypnia_pagetana,Trichoptera,0,0,0,0,0,0,0,0,0,0
Allotrichia_pallicornis,Trichoptera,0,0,0,0,0,0,0,0,0,0
Ametropus_sp.,Ephemeroptera,0,0,0,0,0,0,0,0,0,0
Ampullaceana_ampla,Gastropoda,0,0,0,0,0,0,0,0,0,0
Ampullaceana_balthica,Gastropoda,0,0,0,0,0,0,0,0,0,0
Ampullaceana_lagotis,Gastropoda,0,0,0,0,0,0,0,0,0,0
Anabolia_laevis,Trichoptera,0,0,0,0,0,0,0,0,0,0
Anabolia_sp.,Trichoptera,0,0,0,0,0,0,0,0,0,0
Anax_imperator,Odonata,0,0,0,0,0,0,0,0,0,0
Anax_parthenope,Odonata,0,0,0,0,0,0,0,0,0,0
Ancylus_fluviatilis,Gastropoda,0.01,0,0.01,0.01,0.02,0.02,0.01,0.01,0,0
Anisus_sp.,Gastropoda,0,0,0,0,0,0,0,0,0,0
Anisus_spirorbis,Gastropoda,0,0,0,0,0,0,0,0,0,0
Anisus_vortex,Gastropoda,0,0,0,0,0,0,0,0,0,0
Anodonta_anatina,Bivalvia,0,0,0,0,0,0,0,0,0,0
Anodonta_cygnea,Bivalvia,0,0,0,0,0,0,0,0,0,0
Anodonta_sp.,Bivalvia,0,0,0,0,0,0,0,0,0,0
Anopheles_sp.,Diptera,0,0,0,0,0,0,0,0,0,0
Apatania_auricula,Trichoptera,0,0,0,0,0,0,0,0,0,0
Apatania_sp.,Trichoptera,0,0,0,0,0,0,0,0,0,0
Aphelocheirus_aestivalis,Hemiptera,0.03,0,0.02,0.03,0.02,0.03,0.01,0.02,0,0.01
Asellus_aquaticus,Crustacea,0.01,0.01,0.01,0.01,0.01,0.01,0.02,0.02,0.07,0.02
Astacus_leptodactylus,Crustacea,0,0,0,0,0,0,0,0,0,0
Astacus_sp.,Crustacea,0,0,0,0,0,0,0,0,0,0
Athericidae_Gen._sp.,Diptera,0,0,0,0,0,0,0,0,0,0
Atherix_ibis,Diptera,0.01,0,0.01,0.01,0.01,0,0.01,0.01,0,0
Atherix_sp.,Diptera,0,0,0,0,0,0,0,0,0,0
Athripsodes_albifrons,Trichoptera,0,0,0,0,0,0,0,0,0,0
Athripsodes_aterrimus,Trichoptera,0.01,0,0.01,0.01,0.01,0.01,0.01,0.01,0,0
Athripsodes_bilineatus_ssp.,Trichoptera,0,0,0,0,0,0,0,0,0,0
Athripsodes_cinereus,Trichoptera,0,0,0,0,0,0,0,0,0,0
Athripsodes_sp.,Trichoptera,0,0,0,0,0,0.01,0,0,0,0
Atrichops_crassipes,Diptera,0,0,0,0,0,0,0,0,0,0
Atrichops_sp.,Diptera,0,0,0,0,0,0,0,0,0,0
Baetidae_Gen._sp.,Ephemeroptera,0,0,0,0,0,0,0,0,0,0
Baetis_digitatus,Ephemeroptera,0,0,0,0,0,0,0,0,0,0
Baetis_fuscatus,Ephemeroptera,0,0,0,0,0,0,0,0,0,0
Baetis_rhodani,Ephemeroptera,0.03,0,0.02,0.02,0.01,0,0.02,0.01,0,0.02
Baetis_scambus,Ephemeroptera,0,0,0,0,0,0,0,0,0,0
Baetis_sp.,Ephemeroptera,0.02,0.01,0.01,0.03,0.04,0.04,0.04,0.01,0,0
Baetis_tricolor,Ephemeroptera,0,0,0,0,0,0,0,0,0,0
Bathyomphalus_contortus,Gastropoda,0,0,0,0,0,0,0,0,0,0
Beraea_pullata,Trichoptera,0,0,0,0,0,0,0,0,0,0
Beraeodes_minutus,Trichoptera,0,0,0,0.01,0,0,0,0,0,0
Berosus_sp._Ad.,Coleoptera,0,0,0,0,0,0,0,0,0,0
Bezzia_sp.,Diptera,0,0,0,0,0,0,0,0,0,0
Bithynia_leachii_ssp.,Gastropoda,0,0,0.01,0,0,0.01,0,0.01,0,0
Bithynia_tentaculata,Gastropoda,0.03,0.01,0.04,0.02,0.02,0.02,0.02,0.02,0,0.01
Bithynia_transsilvanica,Gastropoda,0,0,0,0,0,0,0,0,0,0
Borysthenia_naticina,Gastropoda,0,0,0.01,0,0.01,0.01,0.01,0.02,0,0
Brachycentrus_maculatus,Trichoptera,0,0,0.01,0,0,0,0,0,0,0
Brachycentrus_sp.,Trichoptera,0,0,0,0,0,0,0,0,0,0
Brachycentrus_subnubilus,Trichoptera,0.02,0,0.03,0.01,0.02,0.03,0.02,0.01,0,0
Brachycercus_harrisella,Ephemeroptera,0,0,0,0,0.01,0,0,0,0,0
Brachytron_pratense,Odonata,0,0,0,0,0,0,0,0,0,0
Brillia_sp.,Diptera,0,0,0,0,0,0,0,0,0,0
Brychius_elevatus_Ad.,Coleoptera,0,0,0,0,0,0,0,0,0,0
Caenidae_Gen._sp.,Ephemeroptera,0,0,0,0,0,0,0,0,0,0
Caenis_horaria,Ephemeroptera,0,0,0,0,0,0,0,0,0,0
Caenis_luctuosa,Ephemeroptera,0,0,0,0,0,0,0,0.01,0,0
Caenis_macrura,Ephemeroptera,0.01,0,0,0.01,0.01,0.01,0.01,0.01,0.25,0.02
Caenis_sp.,Ephemeroptera,0,0.01,0,0,0,0.01,0,0,0,0
Callicorixa_praeusta_ssp.,Hemiptera,0,0,0,0,0,0,0,0,0,0
Calopteryx_sp.,Odonata,0,0,0,0,0,0,0,0,0,0
Calopteryx_splendens,Odonata,0,0,0,0.01,0.01,0,0.01,0,0,0.01
Calopteryx_virgo,Odonata,0.02,0,0.01,0,0,0,0,0,0,0.01
Capnia_sp.,Plecoptera,0,0,0,0,0,0,0,0,0,0
Capnopsis_schilleri_ssp.,Plecoptera,0,0,0,0,0,0,0,0,0,0
Cataclysta_lemnata,Lepidoptera,0,0,0,0,0,0.01,0,0,0,0
Centroptilum_luteolum,Ephemeroptera,0,0,0,0.01,0.01,0.01,0,0.01,0,0
Ceraclea_albimacula,Trichoptera,0,0,0,0,0,0,0,0,0,0
Ceraclea_annulicornis,Trichoptera,0,0,0.02,0,0,0,0,0,0,0
Ceraclea_fulva,Trichoptera,0,0,0,0,0,0,0,0,0,0
Ceraclea_sp.,Trichoptera,0,0,0,0,0,0,0,0,0,0
Ceratopogonidae_Gen._sp.,Diptera,0,0,0,0,0,0,0,0,0,0
Chaetogammarus_warpachowskyi,Crustacea,0,0,0,0,0,0.01,0,0,0,0.01
Chaetopteryx_villosa_ssp.,Trichoptera,0,0,0,0,0,0,0,0,0,0
Chaoborus_crystallinus,Diptera,0,0,0,0,0,0,0,0,0,0
Chelicorophium_curvispinum,Crustacea,0,0.03,0,0.01,0,0.01,0,0,0,0.02
Cheumatopsyche_lepida,Trichoptera,0.01,0,0.02,0,0.01,0,0.01,0.01,0,0
Chironomidae_Gen._sp.,Diptera,0.07,0.18,0.05,0.07,0.05,0.05,0.08,0.05,0.18,0.16
Chironominae_Gen._sp.,Diptera,0,0,0,0,0,0,0.01,0,0,0
Chironomus_dorsalis,Diptera,0,0,0,0,0,0,0,0,0,0
Chironomus_plumosus,Diptera,0,0,0,0,0,0,0,0,0,0
Chironomus_riparius,Diptera,0,0,0,0,0,0,0,0,0,0
Chironomus_sp.,Diptera,0,0,0,0,0,0,0,0,0,0
Chloroperla_sp.,Plecoptera,0,0,0.01,0.01,0,0,0,0,0,0
Chrysopilus_sp.,Diptera,0,0,0,0,0,0,0,0,0,0
Chrysops_sp.,Diptera,0,0,0,0,0,0,0,0,0,0
Clinotanypus_nervosus,Diptera,0,0,0,0,0,0,0,0,0,0
Cloeon_dipterum,Ephemeroptera,0,0,0.01,0,0.02,0.03,0,0.01,0,0.01
Cloeon_simile,Ephemeroptera,0,0,0,0,0,0,0,0,0,0
Cloeon_sp.,Ephemeroptera,0,0,0.01,0,0.02,0,0,0.01,0.01,0
Coenagrion_armatum,Odonata,0,0,0,0,0,0,0,0,0,0
Coenagrion_puella,Odonata,0,0,0,0,0,0,0,0,0,0
Coenagrion_pulchellum,Odonata,0,0,0,0,0,0,0,0,0,0
Coenagrion_sp.,Odonata,0,0,0,0,0,0,0,0,0,0
Coenagrionidae_Gen._sp.,Odonata,0,0,0,0,0,0,0,0,0,0
Colymbetinae_Gen._sp._Ad.,Coleoptera,0,0,0,0,0,0,0,0,0,0
Cordulegaster_boltonii,Odonata,0,0,0,0,0,0,0,0,0,0
Cordulia_aenea,Odonata,0,0,0,0,0,0,0,0,0,0
Corixa_sp.,Hemiptera,0,0,0.01,0.01,0,0.01,0,0,0,0
Corixidae_Gen._sp.,Hemiptera,0,0,0.01,0,0,0,0,0,0,0
Corophiidae_Gen._sp.,Crustacea,0,0,0,0,0,0,0,0,0,0
Cricotopus_sp.,Diptera,0,0,0,0,0,0,0,0,0,0
Cricotopus_sylvestris,Diptera,0,0,0,0,0,0,0,0,0,0
Crunoecia_irrorata_ssp.,Trichoptera,0,0,0,0,0.01,0,0,0,0,0
Crunoecia_sp.,Trichoptera,0,0,0,0,0,0,0,0,0,0
Cryptochironomus_defectus,Diptera,0,0,0,0,0,0,0,0,0,0
Cryptochironomus_sp.,Diptera,0,0,0,0,0,0,0,0,0,0
Cybister_lateralimarginalis_Ad.,Coleoptera,0,0,0,0,0,0,0,0,0,0
Cymatia_coleoptrata,Hemiptera,0,0,0,0,0,0,0,0,0,0
Cyrnus_crenaticornis,Trichoptera,0,0,0,0,0,0,0,0,0,0
Cyrnus_flavidus,Trichoptera,0,0,0,0,0,0,0,0,0,0
Cyrnus_insolutus,Trichoptera,0,0,0,0,0,0,0,0,0,0
Cyrnus_trimaculatus,Trichoptera,0,0,0,0,0,0,0,0,0,0
Dendrocoelum_lacteum,Platyhelminthes,0,0,0,0,0,0,0,0,0,0
Deronectes_latus_Ad.,Coleoptera,0,0,0,0,0,0,0,0,0,0
Diamesinae_Gen._sp.,Diptera,0,0,0,0,0,0,0,0,0,0
Dicranota_bimaculata,Diptera,0.01,0,0.02,0.01,0.01,0.01,0.01,0,0,0
Dixa_sp.,Diptera,0,0,0,0,0,0,0,0,0,0
Dixella_sp.,Diptera,0,0,0,0,0,0,0,0,0,0
Dixidae_Gen._sp.,Diptera,0,0,0,0,0,0,0,0,0,0
Dolichopodidae_Gen._sp.,Diptera,0,0,0,0,0,0,0,0,0,0
Dreissena_polymorpha,Bivalvia,0,0.02,0,0.02,0,0.01,0.01,0,0,0
Dryopidae_Gen._sp._Ad.,Coleoptera,0,0,0,0,0,0,0,0.01,0,0.02
Dugesiidae_Gen._sp.,Platyhelminthes,0,0,0,0,0,0,0,0,0,0
Dytiscidae_Gen._sp._Ad.,Coleoptera,0,0,0,0,0,0,0,0,0,0
Dytiscus_marginalis_Ad.,Coleoptera,0,0,0,0,0,0,0,0,0,0
Dytiscus_sp._Ad.,Coleoptera,0,0,0,0,0,0,0,0,0,0
Eiseniella_tetraedra,Oligochaeta,0,0,0,0,0,0,0,0,0,0
Elmidae_Gen._sp._Ad.,Coleoptera,0,0,0,0,0,0,0,0,0,0
Elmis_aenea_Ad.,Coleoptera,0.02,0,0.02,0.03,0.02,0.01,0.02,0.01,0,0.01
Elmis_sp._Ad.,Coleoptera,0,0,0,0,0,0.01,0,0,0,0
Elodes_sp._Ad.,Coleoptera,0,0,0,0,0,0,0,0,0,0
Eloeophila_sp.,Diptera,0,0,0,0,0,0,0,0,0,0
Elophila_sp.,Lepidoptera,0,0,0,0,0,0,0,0,0,0
Empididae_Gen._sp.,Diptera,0,0,0,0,0,0,0,0,0,0
Enallagma_cyathigerum,Odonata,0,0,0,0,0,0,0,0,0,0
Enallagma_sp.,Odonata,0,0,0,0,0,0,0,0,0,0
Endochironomus_sp.,Diptera,0,0,0,0,0,0,0,0,0,0
Endochironomus_tendens,Diptera,0,0,0,0,0,0,0,0,0,0
Ephemera_danica,Ephemeroptera,0.02,0,0.01,0.01,0.01,0,0.01,0,0,0
Ephemera_lineata,Ephemeroptera,0,0,0,0,0,0,0,0,0,0
Ephemera_sp.,Ephemeroptera,0,0.01,0,0,0,0,0,0,0,0
Ephemera_vulgata,Ephemeroptera,0,0,0,0.01,0.01,0.01,0,0.01,0,0.01
Ephemerella_sp.,Ephemeroptera,0,0,0,0,0,0,0,0,0,0
Ephydridae_Gen._sp.,Diptera,0,0,0,0,0,0,0,0,0,0
Epitheca_bimaculata,Odonata,0,0,0,0,0,0,0,0,0,0
Erpobdella_octoculata,Hirudinea,0.01,0,0.01,0.01,0.01,0.01,0.01,0.01,0.01,0.01
Erythromma_najas,Odonata,0,0,0,0,0,0,0,0,0,0
Erythromma_viridulum,Odonata,0,0,0,0,0,0,0,0,0,0
Esolus_sp._Ad.,Coleoptera,0,0,0,0,0,0,0,0,0,0
Galba_truncatula,Gastropoda,0,0,0,0,0,0,0,0,0,0
Gammarus_lacustris,Crustacea,0.03,0,0.01,0.01,0.01,0.01,0.01,0.01,0,0
Gammarus_pulex,Crustacea,0,0,0,0,0,0,0,0.02,0,0.01
Gammarus_sp.,Crustacea,0.01,0.02,0,0,0,0,0,0,0,0
Gerris_lacustris,Hemiptera,0,0,0,0,0,0,0,0,0,0
Gerris_sp.,Hemiptera,0,0,0,0,0,0,0,0,0,0
Glossiphonia_complanata,Hirudinea,0,0.01,0,0,0,0,0,0,0,0
Glossiphonia_concolor,Hirudinea,0,0,0,0,0,0,0,0,0,0
Glossiphonia_heteroclita,Hirudinea,0,0,0,0,0,0,0,0,0,0
Glossosoma_boltoni,Trichoptera,0,0,0,0,0,0,0,0,0,0
Goera_pilosa,Trichoptera,0.01,0,0.01,0,0,0,0,0,0,0
Goeridae_Gen._sp.,Trichoptera,0,0,0,0,0,0,0,0,0,0
Gomphus_flavipes,Odonata,0,0,0,0,0,0,0,0,0,0
Gomphus_sp.,Odonata,0,0,0,0,0,0,0,0,0,0
Gomphus_vulgatissimus,Odonata,0,0,0,0.01,0,0,0,0,0,0
Grammotaulius_nigropunctatus,Trichoptera,0,0,0,0,0,0,0,0,0,0
Gyraulus_albus,Gastropoda,0,0,0,0,0,0,0,0,0,0
Gyraulus_crista,Gastropoda,0,0,0,0,0,0,0,0,0,0
Gyraulus_riparius,Gastropoda,0,0,0,0,0,0,0,0,0,0
Gyraulus_rossmaessleri,Gastropoda,0,0,0,0,0,0,0,0,0,0
Gyraulus_sp.,Gastropoda,0.01,0,0.02,0.01,0.01,0.01,0.02,0.01,0,0
Gyrinidae_Gen._sp._Ad.,Coleoptera,0,0,0,0,0,0,0,0,0,0
Gyrinus_aeratus_Ad.,Coleoptera,0,0,0,0,0,0,0,0,0,0
Gyrinus_minutus_Ad.,Coleoptera,0,0,0,0,0,0,0,0,0,0
Gyrinus_natator_Ad.,Coleoptera,0,0,0,0,0,0,0,0,0,0
Gyrinus_paykulli_Ad.,Coleoptera,0,0,0,0,0,0,0,0,0,0
Gyrinus_sp._Ad.,Coleoptera,0.01,0,0,0,0.01,0.01,0,0,0,0
Habrophlebia_fusca,Ephemeroptera,0,0,0,0,0,0,0,0,0,0
Habrophlebia_lauta,Ephemeroptera,0,0,0,0,0,0,0,0,0,0
Haemopis_sanguisuga,Hirudinea,0,0,0,0,0,0,0,0,0,0
Haemopis_sp.,Hirudinea,0,0,0,0,0,0,0,0,0,0
Halesus_digitatus_ssp.,Trichoptera,0,0,0,0,0,0,0,0,0,0
Halesus_radiatus,Trichoptera,0,0,0,0,0,0,0,0,0,0
Halesus_sp.,Trichoptera,0,0,0,0,0,0,0,0,0,0
Haliplidae_Gen._sp._Ad.,Coleoptera,0,0,0,0,0,0,0,0,0,0
Haliplus_confinis_Ad.,Coleoptera,0,0,0,0,0,0,0,0,0,0
Haliplus_flavicollis_Ad.,Coleoptera,0,0,0,0,0,0,0,0,0,0
Haliplus_fluviatilis_Ad.,Coleoptera,0,0,0,0,0,0,0,0,0,0
Haliplus_lineolatus_Ad.,Coleoptera,0,0,0,0,0,0,0,0,0.01,0
Haliplus_ruficollis_Ad.,Coleoptera,0,0,0,0,0,0,0,0,0,0
Haliplus_sp._Ad.,Coleoptera,0,0,0,0,0,0,0,0,0,0
Helobdella_stagnalis,Hirudinea,0,0,0,0,0,0,0,0,0.01,0
Hemiclepsis_marginata,Hirudinea,0,0,0,0,0,0,0,0,0,0
Heptagenia_coerulans,Ephemeroptera,0.01,0,0,0,0,0,0,0,0,0
Heptagenia_flava,Ephemeroptera,0,0,0.01,0,0,0.01,0,0,0,0
Heptagenia_longicauda,Ephemeroptera,0,0,0,0,0,0,0.01,0,0,0
Heptagenia_sp.,Ephemeroptera,0.01,0,0,0,0,0,0,0,0,0
Heptagenia_sulphurea,Ephemeroptera,0.01,0,0.02,0.01,0,0,0.01,0.01,0,0
Hesperocorixa_sahlbergi,Hemiptera,0,0,0,0,0,0,0,0,0,0
Hesperocorixa_sp.,Hemiptera,0,0,0,0,0.01,0,0,0,0,0
Holocentropus_dubius,Trichoptera,0,0,0,0,0,0,0,0,0,0
Hydatophylax_infumatus,Trichoptera,0,0,0,0,0,0,0,0,0,0
Hydraena_gracilis_Ad.,Coleoptera,0,0,0,0,0,0,0,0,0,0
Hydraena_sp._Ad.,Coleoptera,0,0,0,0,0,0,0,0,0,0
Hydraenidae_Gen._sp._Ad.,Coleoptera,0,0,0,0,0,0,0,0,0,0
Hydrochus_sp._Ad.,Coleoptera,0,0,0,0,0,0,0,0,0,0
Hydrophilidae_Gen._sp._Ad.,Coleoptera,0,0,0,0,0,0,0,0,0,0
Hydropsyche_angustipennis_ssp.,Trichoptera,0.02,0,0.02,0.02,0.01,0.01,0.02,0.03,0,0.01
Hydropsyche_contubernalis_ssp.,Trichoptera,0.01,0,0,0.01,0.01,0.01,0.01,0.01,0,0
Hydropsyche_pellucidula,Trichoptera,0.02,0,0,0.01,0,0,0,0.01,0,0
Hydropsyche_siltalai,Trichoptera,0.01,0,0.01,0.01,0,0,0,0,0,0
Hydropsyche_sp.,Trichoptera,0.01,0,0,0.01,0,0.01,0,0,0,0
Hydropsychidae_Gen._sp.,Trichoptera,0,0,0,0,0,0,0,0,0,0
Hydroptila_sp.,Trichoptera,0,0,0,0,0,0,0,0,0,0
Hydroptila_tineoides,Trichoptera,0,0,0,0,0.03,0.02,0.01,0,0,0
Hydroptilidae_Gen._sp.,Trichoptera,0,0,0,0,0,0,0,0,0,0
Hygrotus_inaequalis_Ad.,Coleoptera,0,0,0,0,0,0,0,0,0,0
Hyphydrus_ovatus_Ad.,Coleoptera,0,0,0,0,0,0,0,0,0,0
Ilybius_sp._Ad.,Coleoptera,0,0,0,0,0,0,0,0,0,0
Ilyocoris_cimicoides_ssp.,Hemiptera,0,0,0,0,0,0,0,0,0,0
Ischnura_elegans,Odonata,0,0,0,0,0,0,0,0,0,0
Ischnura_pumilio,Odonata,0,0,0,0,0,0,0,0,0,0
Ischnura_sp.,Odonata,0,0,0,0,0,0,0,0,0,0
Isogenus_nubecula,Plecoptera,0,0,0,0,0,0,0,0,0,0
Isoperla_difformis,Plecoptera,0,0,0,0,0,0,0,0,0,0
Isoperla_grammatica,Plecoptera,0,0,0,0.01,0.01,0,0.01,0,0,0
Isoperla_obscura,Plecoptera,0,0,0,0,0,0,0,0,0,0
Isoperla_sp.,Plecoptera,0,0,0,0,0,0,0,0,0,0
Isoptena_serricornis,Plecoptera,0,0,0,0,0,0,0,0,0,0
Ithytrichia_lamellaris,Trichoptera,0,0,0.01,0.02,0,0.01,0,0.01,0,0.01
Kageronia_fuscogrisea,Ephemeroptera,0.01,0,0.01,0,0,0,0,0,0,0
Laccobius_sp._Ad.,Coleoptera,0,0,0,0,0,0,0,0,0,0
Laccophilus_hyalinus_Ad.,Coleoptera,0,0,0,0,0,0,0,0,0,0
Laccophilus_sp._Ad.,Coleoptera,0,0,0,0,0,0,0,0,0,0
Lepidostoma_basale,Trichoptera,0.05,0,0,0,0.01,0.01,0,0,0,0
Lepidostoma_hirtum,Trichoptera,0,0,0,0.01,0.02,0.01,0,0,0,0
Leptoceridae_Gen._sp.,Trichoptera,0,0,0,0,0,0,0,0,0,0
Leptocerus_interruptus,Trichoptera,0,0,0.02,0,0.02,0,0,0,0,0
Leptocerus_sp.,Trichoptera,0,0,0,0,0,0,0,0,0,0
Leptocerus_tineiformis,Trichoptera,0,0,0.01,0,0,0,0,0,0,0
Leptophlebia_marginata,Ephemeroptera,0,0,0,0,0,0,0,0,0,0
Leptophlebia_sp.,Ephemeroptera,0,0,0,0,0,0,0,0,0,0
Leptophlebia_vespertina,Ephemeroptera,0,0,0,0,0,0,0,0.03,0,0
Leptophlebiidae_Gen._sp.,Ephemeroptera,0,0.01,0,0,0,0,0,0,0,0
Lestes_sp.,Odonata,0,0,0,0,0,0,0,0,0,0
Lestidae_Gen._sp.,Odonata,0,0,0,0,0,0,0,0,0,0
Leuctra_digitata,Plecoptera,0,0,0,0,0,0,0,0,0,0
Leuctra_fusca_ssp.,Plecoptera,0,0,0,0,0,0,0,0,0,0
Leuctra_hippopus,Plecoptera,0,0,0,0,0,0,0,0,0,0
Leuctra_nigra,Plecoptera,0,0,0,0,0,0,0,0,0,0
Leuctra_sp.,Plecoptera,0,0,0,0.01,0.01,0,0.02,0,0,0
Libellula_quadrimaculata,Odonata,0,0,0,0,0,0,0,0,0,0
Libellula_sp.,Odonata,0,0,0,0,0,0,0,0,0,0
Limnephilidae_Gen._sp.,Trichoptera,0,0,0,0,0,0,0,0,0,0
Limnephilus_affinis,Trichoptera,0,0,0,0,0,0,0,0,0,0
Limnephilus_binotatus,Trichoptera,0,0,0,0,0,0,0,0,0,0
Limnephilus_bipunctatus,Trichoptera,0,0,0,0,0,0,0,0,0,0
Limnephilus_borealis,Trichoptera,0,0,0,0,0,0,0,0,0,0
Limnephilus_decipiens,Trichoptera,0,0,0,0,0,0,0,0,0,0
Limnephilus_flavicornis,Trichoptera,0,0,0,0,0,0,0,0,0,0
Limnephilus_fuscicornis,Trichoptera,0,0,0,0,0,0,0,0,0,0
Limnephilus_lunatus,Trichoptera,0,0,0,0,0,0,0,0,0,0
Limnephilus_politus,Trichoptera,0,0,0,0,0,0,0,0,0,0
Limnephilus_rhombicus_ssp.,Trichoptera,0,0,0.01,0.01,0,0,0,0.01,0,0
Limnephilus_sp.,Trichoptera,0,0,0,0,0,0,0,0,0,0
Limnephilus_stigma,Trichoptera,0.01,0,0,0.01,0,0,0,0.01,0,0
Limnephilus_vittatus,Trichoptera,0,0,0,0,0,0,0,0,0,0
Limnius_sp._Ad.,Coleoptera,0.01,0,0,0.01,0.01,0.02,0,0,0,0
Limnius_volckmari_Ad.,Coleoptera,0.01,0,0.02,0.03,0.02,0.01,0.03,0.01,0,0
Limnomysis_benedeni,Crustacea,0,0,0,0,0,0.02,0.01,0.02,0,0.03
Limoniidae_Gen._sp.,Diptera,0,0,0,0,0,0,0,0,0,0
Lithax_obscurus,Trichoptera,0,0,0.01,0,0,0,0,0,0,0
Lithoglyphus_naticoides,Gastropoda,0,0.47,0.01,0.01,0.01,0.02,0.03,0.01,0,0.01
Lumbriculus_sp.,Oligochaeta,0,0,0,0,0,0,0,0,0,0
Lumbriculus_variegatus,Oligochaeta,0,0,0,0,0,0,0,0,0,0
Lymnaea_sp.,Gastropoda,0.02,0,0.03,0.03,0.03,0.03,0.03,0.02,0,0.02
Lymnaea_stagnalis,Gastropoda,0,0,0,0,0,0,0,0,0,0
Lymnaeidae_Gen._sp.,Gastropoda,0,0,0,0,0,0,0,0,0,0
Lype_reducta,Trichoptera,0,0,0,0,0,0,0,0,0,0
Mesovelia_furcata,Hemiptera,0,0,0,0,0,0,0,0,0,0
Micrasema_setiferum_ssp.,Trichoptera,0,0,0.02,0,0.02,0.04,0,0.01,0,0
Micrasema_sp.,Trichoptera,0,0,0,0,0,0,0,0,0,0
Micronecta_minutissima,Hemiptera,0,0,0,0,0,0,0,0,0,0
Micronecta_sp.,Hemiptera,0,0,0,0,0.01,0,0,0,0,0
Micropterna_lateralis,Trichoptera,0,0,0,0,0,0,0,0,0,0
Micropterna_sequax,Trichoptera,0,0,0,0,0,0,0,0,0,0
Microtendipes_chloris,Diptera,0,0,0,0,0.01,0,0,0,0,0.01
Microvelia_sp.,Hemiptera,0,0,0,0,0,0,0,0,0,0
Molanna_angustata,Trichoptera,0,0,0,0,0,0,0,0,0,0
Molanna_sp.,Trichoptera,0,0,0,0,0,0,0,0,0,0
Muscidae_Gen._sp.,Diptera,0,0,0,0,0,0,0,0,0,0
Musculium_lacustre,Bivalvia,0,0,0,0,0,0,0,0,0,0
Mysidae_Gen._sp.,Crustacea,0,0,0,0,0,0,0,0,0,0
Mystacides_azurea,Trichoptera,0,0,0,0.01,0,0,0,0,0,0
Mystacides_longicornis,Trichoptera,0,0,0,0,0,0,0,0,0,0
Mystacides_nigra,Trichoptera,0,0,0,0,0,0,0,0,0,0
Mystacides_sp.,Trichoptera,0,0,0,0,0,0,0,0,0,0
Nebrioporus_depressus_Ad.,Coleoptera,0,0,0,0,0,0,0,0,0,0
Nebrioporus_sp._Ad.,Coleoptera,0,0,0,0,0,0,0,0,0,0
Nemotaulius_punctatolineatus,Trichoptera,0,0,0,0,0,0,0,0,0,0
Nemoura_cinerea_ssp.,Plecoptera,0,0,0,0,0,0,0,0,0,0
Nemoura_dubitans,Plecoptera,0,0,0,0,0,0,0,0,0,0
Nemoura_sp.,Plecoptera,0.01,0,0,0,0.01,0.01,0,0,0,0
Nemurella_pictetii,Plecoptera,0,0,0,0,0,0,0,0,0,0
Nepa_cinerea,Hemiptera,0,0,0,0,0,0,0,0,0,0
Neureclipsis_bimaculata,Trichoptera,0,0,0,0,0,0,0,0,0,0
Notidobia_ciliaris,Trichoptera,0.01,0,0.02,0.01,0,0.01,0.02,0.01,0,0
Notiphila_riparia,Diptera,0,0,0,0,0,0,0,0,0,0
Notonecta_glauca_ssp.,Hemiptera,0,0,0,0,0,0,0,0,0,0
Notonecta_lutea,Hemiptera,0,0,0,0,0,0,0,0,0,0
Notonecta_sp.,Hemiptera,0,0,0,0,0,0,0,0,0,0
Obesogammarus_crassus,Crustacea,0,0,0,0,0,0.01,0,0,0,0.04
Ochthebius_sp._Ad.,Coleoptera,0,0,0,0,0,0,0,0,0,0
Odontomyia_sp.,Diptera,0,0,0,0,0,0,0,0,0,0
Oecetis_furva,Trichoptera,0,0,0,0,0,0,0,0,0,0
Oecetis_notata,Trichoptera,0,0,0,0,0,0,0,0,0,0
Oecetis_ochracea,Trichoptera,0,0,0,0,0,0,0,0,0,0
Oecetis_sp.,Trichoptera,0,0,0,0,0,0,0,0,0,0
Oligochaeta_Gen._sp.,Oligochaeta,0.11,0.14,0.08,0.07,0.07,0.06,0.1,0.12,0.36,0.1
Onychogomphus_forcipatus,Odonata,0,0,0,0,0,0,0,0,0,0
Ophiogomphus_cecilia,Odonata,0,0,0,0,0,0,0,0,0,0
Oplodontha_viridula,Diptera,0,0,0,0,0,0,0,0,0,0
Orconectes_limosus,Crustacea,0,0,0,0,0,0,0,0,0,0
Orectochilus_villosus_Ad.,Coleoptera,0,0,0,0,0,0,0,0,0,0
Orthetrum_cancellatum,Odonata,0,0,0,0,0,0,0,0,0,0
Orthocladiinae_Gen._sp.,Diptera,0,0,0,0,0.01,0,0,0,0,0.03
Orthotrichia_costalis,Trichoptera,0,0,0,0,0,0,0,0,0,0.03
Oulimnius_sp._Ad.,Coleoptera,0,0,0,0,0,0,0,0,0,0
Oulimnius_troglodytes_Ad.,Coleoptera,0,0,0,0,0,0,0,0,0.02,0
Oxycera_sp.,Diptera,0,0,0,0,0,0,0,0,0,0
Oxyethira_flavicornis,Trichoptera,0,0,0,0,0,0,0,0,0,0
Oxyethira_sp.,Trichoptera,0,0,0,0,0,0,0,0,0,0
Palpomyia_sp.,Diptera,0,0,0,0,0,0,0,0,0,0
Paraleptophlebia_cincta,Ephemeroptera,0,0,0,0.02,0,0,0,0,0,0
Paraleptophlebia_sp.,Ephemeroptera,0.01,0,0,0,0,0,0,0,0,0
Paraleptophlebia_submarginata,Ephemeroptera,0,0,0.01,0.02,0.01,0,0.01,0.02,0,0
Paraleptophlebia_werneri,Ephemeroptera,0,0,0,0,0,0,0,0,0,0
Paramysis_lacustris,Crustacea,0,0,0.01,0,0,0,0,0,0,0
Parapoynx_stratiotata,Lepidoptera,0,0,0,0,0,0,0,0,0,0
Pedicia_sp.,Diptera,0,0,0,0,0,0,0,0,0,0
Peregriana_peregra,Gastropoda,0,0,0,0,0,0,0,0,0,0
Pericoma_sp.,Diptera,0,0,0,0,0,0,0,0,0,0
Perlodes_dispar,Plecoptera,0,0,0,0,0,0,0.01,0,0,0
Perlodes_sp.,Plecoptera,0,0,0,0,0,0,0,0,0,0
Phryganea_bipunctata,Trichoptera,0,0,0,0,0,0,0,0,0,0
Phryganea_grandis_ssp.,Trichoptera,0,0,0,0,0,0,0,0,0,0
Physa_fontinalis,Gastropoda,0.01,0,0,0,0.02,0.01,0.02,0.01,0,0.01
Physa_sp.,Gastropoda,0,0,0,0,0,0,0,0,0,0
Physella_acuta,Gastropoda,0,0,0,0,0,0,0,0,0,0
Pilaria_sp.,Diptera,0,0,0,0,0,0,0,0,0,0
Piscicola_geometra,Hirudinea,0,0,0,0,0,0,0,0,0,0
Pisidium_amnicum,Bivalvia,0.02,0,0.03,0.02,0.01,0.01,0.02,0.02,0,0.01
Pisidium_casertanum_ssp.,Bivalvia,0,0,0,0,0,0,0,0,0,0
Pisidium_henslowanum,Bivalvia,0,0,0,0,0,0,0,0,0,0
Pisidium_nitidum,Bivalvia,0,0,0,0,0,0,0,0,0,0
Pisidium_pulchellum,Bivalvia,0,0,0,0,0,0,0,0,0,0
Pisidium_sp.,Bivalvia,0.01,0.01,0.02,0.01,0.03,0.02,0.02,0.04,0.03,0.04
Pisidium_subtruncatum,Bivalvia,0,0,0,0,0,0,0,0,0,0
Pisidium_supinum,Bivalvia,0,0,0,0,0,0,0,0,0,0
Placobdella_costata,Hirudinea,0,0,0,0,0,0,0,0,0,0
Planaria_sp.,Platyhelminthes,0,0,0,0,0,0,0,0,0,0
Planaria_torva,Platyhelminthes,0,0,0,0,0,0,0,0,0,0
Planorbarius_corneus,Gastropoda,0,0,0,0,0,0,0,0,0,0
Planorbidae_Gen._sp.,Gastropoda,0,0,0,0,0,0,0,0,0,0
Planorbis_carinatus,Gastropoda,0,0,0,0,0,0,0,0,0,0
Planorbis_planorbis,Gastropoda,0,0,0,0,0,0,0,0,0,0
Planorbis_sp.,Gastropoda,0,0,0,0,0,0,0,0,0,0
Platambus_maculatus_Ad.,Coleoptera,0,0,0,0,0,0,0,0,0,0
Platycnemis_pennipes,Odonata,0,0,0,0,0,0,0,0,0,0
Platycnemis_sp.,Odonata,0,0,0,0,0,0,0,0,0,0
Plea_minutissima_ssp.,Hemiptera,0,0,0,0,0,0,0,0,0,0
Plectrocnemia_conspersa_ssp.,Trichoptera,0,0,0,0,0,0,0,0,0,0
Plectrocnemia_sp.,Trichoptera,0,0,0,0,0,0,0,0,0,0
Polycentropodidae_Gen._sp.,Trichoptera,0,0,0,0,0,0,0,0,0,0
Polycentropus_flavomaculatus_ssp.,Trichoptera,0,0,0.01,0.01,0,0.01,0.01,0.01,0,0.01
Polycentropus_irroratus,Trichoptera,0,0,0,0,0,0,0,0,0,0
Polycentropus_sp.,Trichoptera,0,0,0,0,0,0,0,0,0,0
Polypedilum_exsectum,Diptera,0,0,0,0,0,0,0,0,0,0
Polypedilum_sp.,Diptera,0,0,0,0,0,0,0,0,0,0
Pontogammarus_robustoides,Crustacea,0,0,0,0,0,0.01,0,0.02,0,0.05
Potamanthus_luteus,Ephemeroptera,0.01,0,0.01,0,0.01,0,0,0,0,0
Potamophylax_latipennis,Trichoptera,0,0,0,0,0,0,0,0,0,0
Potamophylax_rotundipennis,Trichoptera,0,0,0,0,0,0,0,0,0,0
Potamophylax_sp.,Trichoptera,0,0,0,0,0,0,0,0,0,0
Procladius_ferrugineus,Diptera,0,0,0,0,0,0,0,0,0,0
Procladius_sp.,Diptera,0,0,0,0,0,0,0,0,0,0
Procloeon_sp.,Ephemeroptera,0,0,0,0,0,0,0,0,0,0
Protonemura_sp.,Plecoptera,0,0,0,0,0,0,0,0,0,0
Psectrotanypus_sp.,Diptera,0,0,0,0,0,0,0,0,0,0
Pseudanodonta_complanata_ssp.,Bivalvia,0,0,0,0,0,0,0,0,0,0
Pseudanodonta_sp.,Bivalvia,0,0,0,0,0,0,0,0,0,0
Pseudocentroptiloides_nana,Ephemeroptera,0,0,0,0,0,0,0,0,0,0
Psychoda_pusilla,Diptera,0,0,0,0,0,0,0,0,0,0
Psychoda_sp.,Diptera,0,0,0,0,0,0,0,0,0,0
Psychodidae_Gen._sp.,Diptera,0,0,0,0,0,0,0,0,0,0
Psychomyia_pusilla,Trichoptera,0,0,0,0,0,0,0,0,0,0
Ptychoptera_sp.,Diptera,0,0,0,0,0,0,0,0,0,0
Pyrrhosoma_nymphula,Odonata,0,0,0,0,0,0,0,0,0,0
Radix_auricularia,Gastropoda,0,0.01,0,0,0,0,0,0,0,0
Radix_sp.,Gastropoda,0,0,0,0,0,0,0,0,0,0
Ranatra_linearis,Hemiptera,0,0,0,0,0,0,0,0,0,0
Rhyacophila_fasciata_ssp.,Trichoptera,0,0,0,0,0,0,0,0,0,0
Rhyacophila_nubila,Trichoptera,0,0,0,0,0,0,0,0,0,0
Rhyacophila_pascoei,Trichoptera,0,0,0,0,0,0,0,0,0,0
Rhyacophila_sp.,Trichoptera,0,0,0,0,0,0,0,0,0,0
Segmentina_nitida,Gastropoda,0,0,0,0,0,0,0,0,0,0
Sergentia_coracina,Diptera,0,0,0,0,0,0,0,0,0,0
Sericostoma_personatum,Trichoptera,0,0,0.01,0.01,0,0,0,0,0,0
Sericostoma_schneideri,Trichoptera,0,0,0,0,0,0,0,0,0,0
Sericostoma_sp.,Trichoptera,0,0,0,0,0,0,0,0,0,0
Serratella_ignita,Ephemeroptera,0,0,0,0,0,0,0,0,0,0
Sialis_fuliginosa,Megaloptera,0,0,0,0,0,0,0,0,0,0
Sialis_lutaria,Megaloptera,0,0,0,0,0,0,0,0,0,0
Sialis_sp.,Megaloptera,0,0.01,0,0,0,0,0,0,0,0
Sigara_falleni,Hemiptera,0,0,0,0,0,0,0,0,0,0
Sigara_fossarum,Hemiptera,0,0,0,0,0,0,0,0,0,0
Sigara_hellensii,Hemiptera,0,0,0,0,0,0,0,0,0,0
Sigara_semistriata,Hemiptera,0,0,0,0,0,0,0,0,0,0
Sigara_sp.,Hemiptera,0.01,0,0,0,0,0,0,0,0,0
Sigara_striata,Hemiptera,0,0,0,0,0,0,0,0,0,0
Silo_pallipes,Trichoptera,0,0,0,0,0,0,0,0,0,0
Simuliidae_Gen._sp.,Diptera,0.01,0,0,0.02,0.01,0,0.03,0.05,0,0.02
Simulium_sp.,Diptera,0,0,0,0,0,0,0,0,0,0
Somatochlora_flavomaculata,Odonata,0,0,0,0,0,0,0,0,0,0
Somatochlora_metallica,Odonata,0,0,0,0,0,0,0,0,0,0
Sphaeriidae_Gen._sp.,Bivalvia,0,0,0,0,0,0,0,0,0,0
Sphaerium_corneum,Bivalvia,0.01,0,0.03,0.03,0.01,0.01,0.02,0.01,0,0.01
Sphaerium_rivicola,Bivalvia,0,0,0,0.01,0,0.01,0.02,0.01,0,0
Sphaerium_solidum,Bivalvia,0,0,0,0,0,0,0,0,0,0
Sphaerium_sp.,Bivalvia,0,0,0,0,0,0.01,0.01,0,0.01,0
Stagnicola_corvus,Gastropoda,0,0,0,0,0,0,0,0,0,0
Stagnicola_palustris,Gastropoda,0,0,0,0,0,0,0,0,0,0
Stenophylax_permistus,Trichoptera,0,0,0,0,0,0,0,0,0,0
Stratiomys_sp.,Diptera,0,0,0,0,0,0,0,0,0,0
Stylaria_lacustris,Oligochaeta,0,0,0,0,0,0,0,0,0,0.01
Synendotendipes_impar,Diptera,0,0,0,0,0,0,0,0,0,0
Synurella_ambulans,Crustacea,0,0,0,0,0,0,0,0,0,0
Syrphidae_Gen._sp.,Diptera,0,0,0,0,0,0,0,0,0,0
Tabanidae_Gen._sp.,Diptera,0,0,0,0,0,0,0,0,0,0
Tabanus_sp.,Diptera,0,0,0.01,0.01,0.01,0,0,0,0,0
Taeniopteryx_nebulosa,Plecoptera,0.03,0,0,0,0,0,0,0,0,0
Tanypodinae_Gen._sp.,Diptera,0,0,0,0,0,0,0,0,0.02,0.01
Tanypus_vilipennis,Diptera,0,0,0,0,0,0,0,0,0,0
Tanytarsus_sp.,Diptera,0,0,0,0,0,0,0,0,0,0
Telmatoscopus_sp.,Diptera,0,0,0,0,0,0,0,0,0,0
Theodoxus_fluviatilis,Gastropoda,0.01,0,0.02,0,0.01,0,0.01,0,0,0.01
Theromyzon_tessulatum,Hirudinea,0,0,0,0,0,0,0,0,0,0
Thienemannimyia_lentiginosa,Diptera,0,0,0,0,0,0,0,0,0,0
Tinodes_waeneri_ssp.,Trichoptera,0,0,0,0,0,0,0,0,0,0
Tipula_lateralis,Diptera,0,0,0,0,0,0,0,0,0,0
Tipula_sp.,Diptera,0,0,0.01,0.01,0.01,0.01,0.01,0.01,0,0
Tipulidae_Gen._sp.,Diptera,0,0,0,0,0,0,0,0,0,0
Triaenodes_bicolor,Trichoptera,0,0,0,0,0,0,0,0,0,0
Tubifex_sp.,Oligochaeta,0,0,0,0,0,0,0,0,0,0
Tubifex_tubifex,Oligochaeta,0,0,0,0,0,0,0,0,0,0
Unio_crassus_ssp.,Bivalvia,0,0,0,0,0,0,0,0,0,0
Unio_pictorum_ssp.,Bivalvia,0,0,0,0,0,0,0,0,0,0
Unio_sp.,Bivalvia,0,0,0,0,0,0,0,0,0,0
Unio_tumidus_ssp.,Bivalvia,0,0,0,0,0,0,0,0,0,0
Valvata_cristata,Gastropoda,0,0,0,0,0,0,0,0,0,0.01
Valvata_piscinalis_ssp.,Gastropoda,0,0,0,0,0,0,0,0,0,0
Valvata_sp.,Gastropoda,0,0,0,0,0,0,0,0,0,0
Viviparus_contectus,Gastropoda,0,0,0,0,0,0,0,0,0,0
Viviparus_viviparus,Gastropoda,0.01,0,0,0,0,0,0,0,0,0
