taxon,aqem2,tachaqua_aqem,tachaqua_subspecies,tachaqua_genus,tachaqua_family,tachdisp_aqem,tachdisp_subspecies,tachdisp_genus,tachdisp_family,tachfeed_aqem,tachfeed_subspecies,tachfeed_genus,tachfeed_family,tachfood_aqem,tachfood_subspecies,tachfood_genus,tachfood_family,tachlifedur_aqem,tachlifedur_subspecies,tachlifedur_genus,tachlifedur_family,tachloco_aqem,tachloco_subspecies,tachloco_genus,tachloco_family,tachsize_aqem,tachsize_subspecies,tachsize_genus,tachsize_family,tachrepcyc_aqem,tachrepcyc_subspecies,tachrepcyc_genus,tachrepcyc_family,tachrepro_aqem,tachrepro_subspecies,tachrepro_genus,tachrepro_family,tachresist_aqem,tachresist_subspecies,tachresist_genus,tachresist_family,tachrespir_aqem,tachrespir_subspecies,tachrespir_genus,tachrespir_family,
ABLABESMYIA MONILIS,8357,NA,NA,NA,0,NA,NA,NA,0,NA,NA,NA,0,NA,NA,NA,0,NA,NA,NA,0,NA,NA,NA,0,NA,NA,NA,0,NA,NA,NA,0,NA,NA,NA,0,NA,NA,NA,0,NA,NA,NA,0,
ABLABESMYIA SP.,8854,NA,NA,NA,0,NA,NA,NA,0,NA,NA,NA,0,NA,NA,NA,0,NA,NA,NA,0,NA,NA,NA,0,NA,NA,NA,0,NA,NA,NA,0,NA,NA,NA,0,NA,NA,NA,0,NA,NA,NA,0,
ACENTRELLA INEXPECTATA,10670,NA,NA,0,NA,NA,NA,1,NA,NA,NA,0,NA,NA,NA,0,NA,NA,NA,1,NA,NA,NA,0,NA,NA,NA,1,NA,NA,NA,1,NA,NA,NA,0,NA,NA,NA,0,NA,NA,NA,0,NA,
ACENTRIA EPHEMERELLA,9453,1,NA,NA,NA,1,NA,NA,NA,1,NA,NA,NA,1,NA,NA,NA,1,NA,NA,NA,1,NA,NA,NA,1,NA,NA,NA,1,NA,NA,NA,1,NA,NA,NA,1,NA,NA,NA,1,NA,NA,NA,
ACILIUS CANALICULATUS AD.,11767,NA,NA,0,NA,NA,NA,0,NA,NA,NA,0,NA,NA,NA,0,NA,NA,NA,0,NA,NA,NA,0,NA,NA,NA,0,NA,NA,NA,0,NA,NA,NA,0,NA,NA,NA,0,NA,NA,NA,0,NA,
ACILIUS SP. AD.,11768,1,NA,NA,NA,1,NA,NA,NA,1,NA,NA,NA,1,NA,NA,NA,1,NA,NA,NA,1,NA,NA,NA,1,NA,NA,NA,1,NA,NA,NA,1,NA,NA,NA,1,NA,NA,NA,1,NA,NA,NA,
ACROLOXUS LACUSTRIS,4205,1,NA,NA,NA,1,NA,NA,NA,1,NA,NA,NA,1,NA,NA,NA,1,NA,NA,NA,1,NA,NA,NA,1,NA,NA,NA,1,NA,NA,NA,1,NA,NA,NA,1,NA,NA,NA,1,NA,NA,NA,
AESHNA CAERULEA,7427,NA,NA,1,NA,NA,NA,1,NA,NA,NA,1,NA,NA,NA,1,NA,NA,NA,1,NA,NA,NA,1,NA,NA,NA,1,NA,NA,NA,1,NA,NA,NA,1,NA,NA,NA,1,NA,NA,NA,1,NA,
AESHNA CYANEA,4222,NA,NA,1,NA,NA,NA,1,NA,NA,NA,1,NA,NA,NA,1,NA,NA,NA,1,NA,NA,NA,1,NA,NA,NA,1,NA,NA,NA,1,NA,NA,NA,1,NA,NA,NA,1,NA,NA,NA,1,NA,
AESHNA GRANDIS,4223,NA,NA,1,NA,NA,NA,1,NA,NA,NA,1,NA,NA,NA,1,NA,NA,NA,1,NA,NA,NA,1,NA,NA,NA,1,NA,NA,NA,1,NA,NA,NA,1,NA,NA,NA,1,NA,NA,NA,1,NA,
AESHNA JUNCEA,7404,NA,NA,1,NA,NA,NA,1,NA,NA,NA,1,NA,NA,NA,1,NA,NA,NA,1,NA,NA,NA,1,NA,NA,NA,1,NA,NA,NA,1,NA,NA,NA,1,NA,NA,NA,1,NA,NA,NA,1,NA,
AESHNA SP.,4226,1,NA,NA,NA,1,NA,NA,NA,1,NA,NA,NA,1,NA,NA,NA,1,NA,NA,NA,1,NA,NA,NA,1,NA,NA,NA,1,NA,NA,NA,1,NA,NA,NA,1,NA,NA,NA,1,NA,NA,NA,
AGABUS SP. AD.,11659,1,NA,NA,NA,1,NA,NA,NA,1,NA,NA,NA,1,NA,NA,NA,1,NA,NA,NA,1,NA,NA,NA,1,NA,NA,NA,1,NA,NA,NA,1,NA,NA,NA,1,NA,NA,NA,1,NA,NA,NA,
AGAPETUS OCHRIPES,4253,NA,NA,1,NA,NA,NA,1,NA,NA,NA,1,NA,NA,NA,1,NA,NA,NA,1,NA,NA,NA,1,NA,NA,NA,1,NA,NA,NA,1,NA,NA,NA,1,NA,NA,NA,1,NA,NA,NA,1,NA,
AGAPETUS SP.,4254,1,NA,NA,NA,1,NA,NA,NA,1,NA,NA,NA,1,NA,NA,NA,1,NA,NA,NA,1,NA,NA,NA,1,NA,NA,NA,1,NA,NA,NA,1,NA,NA,NA,1,NA,NA,NA,1,NA,NA,NA,
AGRAYLEA MULTIPUNCTATA,4255,NA,NA,1,NA,NA,NA,1,NA,NA,NA,1,NA,NA,NA,1,NA,NA,NA,1,NA,NA,NA,1,NA,NA,NA,1,NA,NA,NA,1,NA,NA,NA,1,NA,NA,NA,1,NA,NA,NA,1,NA,
AGRYPNIA OBSOLETA,4258,NA,NA,1,NA,NA,NA,1,NA,NA,NA,1,NA,NA,NA,1,NA,NA,NA,1,NA,NA,NA,1,NA,NA,NA,1,NA,NA,NA,1,NA,NA,NA,1,NA,NA,NA,1,NA,NA,NA,1,NA,
AGRYPNIA PAGETANA,4259,NA,NA,1,NA,NA,NA,1,NA,NA,NA,1,NA,NA,NA,1,NA,NA,NA,1,NA,NA,NA,1,NA,NA,NA,1,NA,NA,NA,1,NA,NA,NA,1,NA,NA,NA,1,NA,NA,NA,1,NA,
ALLOTRICHIA PALLICORNIS,4274,1,NA,NA,NA,1,NA,NA,NA,1,NA,NA,NA,1,NA,NA,NA,1,NA,NA,NA,1,NA,NA,NA,1,NA,NA,NA,1,NA,NA,NA,1,NA,NA,NA,1,NA,NA,NA,1,NA,NA,NA,
AMETROPUS SP.,14415,NA,NA,NA,NA,NA,NA,NA,NA,NA,NA,NA,NA,NA,NA,NA,NA,NA,NA,NA,NA,NA,NA,NA,NA,NA,NA,NA,NA,NA,NA,NA,NA,NA,NA,NA,NA,NA,NA,NA,NA,NA,NA,NA,NA,
RADIX AMPLA,8034,NA,NA,1,NA,NA,NA,1,NA,NA,NA,1,NA,NA,NA,1,NA,NA,NA,1,NA,NA,NA,1,NA,NA,NA,1,NA,NA,NA,1,NA,NA,NA,1,NA,NA,NA,1,NA,NA,NA,1,NA,
RADIX BALTHICA,16959,NA,NA,1,NA,NA,NA,1,NA,NA,NA,1,NA,NA,NA,1,NA,NA,NA,1,NA,NA,NA,1,NA,NA,NA,1,NA,NA,NA,1,NA,NA,NA,1,NA,NA,NA,1,NA,NA,NA,1,NA,
RADIX LAGOTIS,13443,NA,NA,1,NA,NA,NA,1,NA,NA,NA,1,NA,NA,NA,1,NA,NA,NA,1,NA,NA,NA,1,NA,NA,NA,1,NA,NA,NA,1,NA,NA,NA,1,NA,NA,NA,1,NA,NA,NA,1,NA,
ANABOLIA LAEVIS,4299,NA,NA,1,NA,NA,NA,1,NA,NA,NA,1,NA,NA,NA,1,NA,NA,NA,1,NA,NA,NA,1,NA,NA,NA,1,NA,NA,NA,1,NA,NA,NA,1,NA,NA,NA,1,NA,NA,NA,1,NA,
ANABOLIA SP.,4301,1,NA,NA,NA,1,NA,NA,NA,1,NA,NA,NA,1,NA,NA,NA,1,NA,NA,NA,1,NA,NA,NA,1,NA,NA,NA,1,NA,NA,NA,1,NA,NA,NA,1,NA,NA,NA,1,NA,NA,NA,
ANAX IMPERATOR,4308,NA,NA,1,NA,NA,NA,1,NA,NA,NA,1,NA,NA,NA,1,NA,NA,NA,1,NA,NA,NA,1,NA,NA,NA,1,NA,NA,NA,1,NA,NA,NA,1,NA,NA,NA,1,NA,NA,NA,1,NA,
ANAX PARTHENOPE,7430,NA,NA,1,NA,NA,NA,1,NA,NA,NA,1,NA,NA,NA,1,NA,NA,NA,1,NA,NA,NA,1,NA,NA,NA,1,NA,NA,NA,1,NA,NA,NA,1,NA,NA,NA,1,NA,NA,NA,1,NA,
ANCYLUS FLUVIATILIS,4310,1,NA,NA,NA,1,NA,NA,NA,1,NA,NA,NA,1,NA,NA,NA,1,NA,NA,NA,1,NA,NA,NA,1,NA,NA,NA,1,NA,NA,NA,1,NA,NA,NA,1,NA,NA,NA,1,NA,NA,NA,
ANISUS SP.,8874,1,NA,NA,NA,1,NA,NA,NA,1,NA,NA,NA,1,NA,NA,NA,1,NA,NA,NA,1,NA,NA,NA,1,NA,NA,NA,1,NA,NA,NA,1,NA,NA,NA,1,NA,NA,NA,1,NA,NA,NA,
ANISUS SPIRORBIS,4317,NA,NA,1,NA,NA,NA,1,NA,NA,NA,1,NA,NA,NA,1,NA,NA,NA,1,NA,NA,NA,1,NA,NA,NA,1,NA,NA,NA,1,NA,NA,NA,1,NA,NA,NA,1,NA,NA,NA,1,NA,
ANISUS VORTEX,4318,NA,NA,1,NA,NA,NA,1,NA,NA,NA,1,NA,NA,NA,1,NA,NA,NA,1,NA,NA,NA,1,NA,NA,NA,1,NA,NA,NA,1,NA,NA,NA,1,NA,NA,NA,1,NA,NA,NA,1,NA,
ANODONTA ANATINA,7381,NA,NA,1,NA,NA,NA,1,NA,NA,NA,1,NA,NA,NA,1,NA,NA,NA,1,NA,NA,NA,1,NA,NA,NA,1,NA,NA,NA,1,NA,NA,NA,1,NA,NA,NA,1,NA,NA,NA,1,NA,
ANODONTA CYGNEA,4324,NA,NA,1,NA,NA,NA,1,NA,NA,NA,1,NA,NA,NA,1,NA,NA,NA,1,NA,NA,NA,1,NA,NA,NA,1,NA,NA,NA,1,NA,NA,NA,1,NA,NA,NA,1,NA,NA,NA,1,NA,
ANODONTA SP.,4326,1,NA,NA,NA,1,NA,NA,NA,1,NA,NA,NA,1,NA,NA,NA,1,NA,NA,NA,1,NA,NA,NA,1,NA,NA,NA,1,NA,NA,NA,1,NA,NA,NA,1,NA,NA,NA,1,NA,NA,NA,
ANOPHELES SP.,4328,1,NA,NA,NA,1,NA,NA,NA,1,NA,NA,NA,1,NA,NA,NA,1,NA,NA,NA,1,NA,NA,NA,1,NA,NA,NA,1,NA,NA,NA,1,NA,NA,NA,1,NA,NA,NA,1,NA,NA,NA,
APATANIA AURICULA,10656,NA,NA,1,NA,NA,NA,1,NA,NA,NA,1,NA,NA,NA,1,NA,NA,NA,1,NA,NA,NA,1,NA,NA,NA,1,NA,NA,NA,1,NA,NA,NA,1,NA,NA,NA,1,NA,NA,NA,1,NA,
APATANIA SP.,4334,1,NA,NA,NA,1,NA,NA,NA,1,NA,NA,NA,1,NA,NA,NA,1,NA,NA,NA,1,NA,NA,NA,1,NA,NA,NA,1,NA,NA,NA,1,NA,NA,NA,1,NA,NA,NA,1,NA,NA,NA,
APHELOCHEIRUS AESTIVALIS,4335,1,NA,NA,NA,1,NA,NA,NA,1,NA,NA,NA,1,NA,NA,NA,1,NA,NA,NA,1,NA,NA,NA,1,NA,NA,NA,1,NA,NA,NA,1,NA,NA,NA,1,NA,NA,NA,1,NA,NA,NA,
ASELLUS AQUATICUS,8691,1,NA,NA,NA,1,NA,NA,NA,1,NA,NA,NA,1,NA,NA,NA,1,NA,NA,NA,1,NA,NA,NA,1,NA,NA,NA,1,NA,NA,NA,1,NA,NA,NA,1,NA,NA,NA,1,NA,NA,NA,
ASTACUS LEPTODACTYLUS,4358,NA,NA,0,NA,NA,NA,1,NA,NA,NA,0,NA,NA,NA,0,NA,NA,NA,1,NA,NA,NA,0,NA,NA,NA,1,NA,NA,NA,1,NA,NA,NA,0,NA,NA,NA,0,NA,NA,NA,0,NA,
ASTACUS SP.,4359,NA,NA,0,NA,1,NA,NA,NA,NA,NA,0,NA,NA,NA,0,NA,1,NA,NA,NA,NA,NA,0,NA,1,NA,NA,NA,1,NA,NA,NA,NA,NA,0,NA,NA,NA,0,NA,NA,NA,0,NA,
ATHERICIDAE GEN. SP.,7750,NA,NA,NA,0,NA,NA,NA,0,NA,NA,NA,0,NA,NA,NA,0,NA,NA,NA,0,NA,NA,NA,0,NA,NA,NA,0,NA,NA,NA,0,NA,NA,NA,0,NA,NA,NA,0,NA,NA,NA,0,
ATHERIX IBIS,4363,NA,NA,1,NA,NA,NA,1,NA,NA,NA,1,NA,NA,NA,1,NA,NA,NA,1,NA,NA,NA,1,NA,NA,NA,1,NA,NA,NA,1,NA,NA,NA,1,NA,NA,NA,1,NA,NA,NA,1,NA,
ATHERIX SP.,4365,1,NA,NA,NA,1,NA,NA,NA,1,NA,NA,NA,1,NA,NA,NA,1,NA,NA,NA,1,NA,NA,NA,1,NA,NA,NA,1,NA,NA,NA,1,NA,NA,NA,1,NA,NA,NA,1,NA,NA,NA,
ATHRIPSODES ALBIFRONS,4366,NA,NA,1,NA,NA,NA,1,NA,NA,NA,1,NA,NA,NA,1,NA,NA,NA,1,NA,NA,NA,1,NA,NA,NA,1,NA,NA,NA,1,NA,NA,NA,1,NA,NA,NA,1,NA,NA,NA,1,NA,
ATHRIPSODES ATERRIMUS,4367,NA,NA,1,NA,NA,NA,1,NA,NA,NA,1,NA,NA,NA,1,NA,NA,NA,1,NA,NA,NA,1,NA,NA,NA,1,NA,NA,NA,1,NA,NA,NA,1,NA,NA,NA,1,NA,NA,NA,1,NA,
ATHRIPSODES BILINEATUS SSP.,21232,NA,NA,1,NA,NA,NA,1,NA,NA,NA,1,NA,NA,NA,1,NA,NA,NA,1,NA,NA,NA,1,NA,NA,NA,1,NA,NA,NA,1,NA,NA,NA,1,NA,NA,NA,1,NA,NA,NA,1,NA,
ATHRIPSODES CINEREUS,4369,NA,NA,1,NA,NA,NA,1,NA,NA,NA,1,NA,NA,NA,1,NA,NA,NA,1,NA,NA,NA,1,NA,NA,NA,1,NA,NA,NA,1,NA,NA,NA,1,NA,NA,NA,1,NA,NA,NA,1,NA,
ATHRIPSODES SP.,4371,1,NA,NA,NA,1,NA,NA,NA,1,NA,NA,NA,1,NA,NA,NA,1,NA,NA,NA,1,NA,NA,NA,1,NA,NA,NA,1,NA,NA,NA,1,NA,NA,NA,1,NA,NA,NA,1,NA,NA,NA,
ATRICHOPS CRASSIPES,4374,1,NA,NA,NA,1,NA,NA,NA,1,NA,NA,NA,1,NA,NA,NA,1,NA,NA,NA,1,NA,NA,NA,1,NA,NA,NA,1,NA,NA,NA,1,NA,NA,NA,1,NA,NA,NA,1,NA,NA,NA,
ATRICHOPS SP.,10667,NA,NA,0,NA,1,NA,NA,NA,NA,NA,0,NA,NA,NA,0,NA,1,NA,NA,NA,NA,NA,0,NA,1,NA,NA,NA,1,NA,NA,NA,NA,NA,0,NA,NA,NA,0,NA,NA,NA,0,NA,
BAETIDAE GEN. SP.,4380,NA,NA,NA,0,NA,NA,NA,0,NA,NA,NA,0,NA,NA,NA,0,NA,NA,NA,0,NA,NA,NA,0,NA,NA,NA,0,NA,NA,NA,0,NA,NA,NA,0,NA,NA,NA,0,NA,NA,NA,0,
BAETIS DIGITATUS,4394,NA,NA,1,NA,NA,NA,1,NA,NA,NA,1,NA,NA,NA,1,NA,NA,NA,1,NA,NA,NA,1,NA,NA,NA,1,NA,NA,NA,1,NA,NA,NA,1,NA,NA,NA,1,NA,NA,NA,1,NA,
BAETIS FUSCATUS,4397,NA,NA,1,NA,NA,NA,1,NA,NA,NA,1,NA,NA,NA,1,NA,NA,NA,1,NA,NA,NA,1,NA,NA,NA,1,NA,NA,NA,1,NA,NA,NA,1,NA,NA,NA,1,NA,NA,NA,1,NA,
BAETIS RHODANI,4415,NA,NA,1,NA,NA,NA,1,NA,NA,NA,1,NA,NA,NA,1,NA,NA,NA,1,NA,NA,NA,1,NA,NA,NA,1,NA,NA,NA,1,NA,NA,NA,1,NA,NA,NA,1,NA,NA,NA,1,NA,
BAETIS SCAMBUS,4416,NA,NA,1,NA,NA,NA,1,NA,NA,NA,1,NA,NA,NA,1,NA,NA,NA,1,NA,NA,NA,1,NA,NA,NA,1,NA,NA,NA,1,NA,NA,NA,1,NA,NA,NA,1,NA,NA,NA,1,NA,
BAETIS SP.,4419,1,NA,NA,NA,1,NA,NA,NA,1,NA,NA,NA,1,NA,NA,NA,1,NA,NA,NA,1,NA,NA,NA,1,NA,NA,NA,1,NA,NA,NA,1,NA,NA,NA,1,NA,NA,NA,1,NA,NA,NA,
BAETIS TRICOLOR,4424,NA,NA,1,NA,NA,NA,1,NA,NA,NA,1,NA,NA,NA,1,NA,NA,NA,1,NA,NA,NA,1,NA,NA,NA,1,NA,NA,NA,1,NA,NA,NA,1,NA,NA,NA,1,NA,NA,NA,1,NA,
BATHYOMPHALUS CONTORTUS,4433,1,NA,NA,NA,1,NA,NA,NA,1,NA,NA,NA,1,NA,NA,NA,1,NA,NA,NA,1,NA,NA,NA,1,NA,NA,NA,1,NA,NA,NA,1,NA,NA,NA,1,NA,NA,NA,1,NA,NA,NA,
BERAEA PULLATA,4441,NA,NA,1,NA,NA,NA,1,NA,NA,NA,1,NA,NA,NA,1,NA,NA,NA,1,NA,NA,NA,1,NA,NA,NA,1,NA,NA,NA,1,NA,NA,NA,1,NA,NA,NA,NA,NA,NA,NA,1,NA,
BERAEODES MINUTUS,4444,1,NA,NA,NA,1,NA,NA,NA,1,NA,NA,NA,1,NA,NA,NA,1,NA,NA,NA,1,NA,NA,NA,1,NA,NA,NA,1,NA,NA,NA,1,NA,NA,NA,NA,NA,NA,NA,1,NA,NA,NA,
BEROSUS SP. AD.,9567,1,NA,NA,NA,1,NA,NA,NA,1,NA,NA,NA,1,NA,NA,NA,1,NA,NA,NA,1,NA,NA,NA,1,NA,NA,NA,1,NA,NA,NA,1,NA,NA,NA,1,NA,NA,NA,1,NA,NA,NA,
BEZZIA SP.,4452,NA,NA,NA,0,NA,NA,NA,0,NA,NA,NA,0,NA,NA,NA,0,NA,NA,NA,0,NA,NA,NA,0,NA,NA,NA,0,NA,NA,NA,0,NA,NA,NA,0,NA,NA,NA,0,NA,NA,NA,0,
BITHYNIA LEACHII SSP.,19308,NA,NA,1,NA,NA,NA,1,NA,NA,NA,1,NA,NA,NA,1,NA,NA,NA,1,NA,NA,NA,1,NA,NA,NA,1,NA,NA,NA,1,NA,NA,NA,1,NA,NA,NA,1,NA,NA,NA,1,NA,
BITHYNIA TENTACULATA,4462,NA,NA,1,NA,NA,NA,1,NA,NA,NA,1,NA,NA,NA,1,NA,NA,NA,1,NA,NA,NA,1,NA,NA,NA,1,NA,NA,NA,1,NA,NA,NA,1,NA,NA,NA,1,NA,NA,NA,1,NA,
BITHYNIA TRANSSILVANICA,16772,NA,NA,1,NA,NA,NA,1,NA,NA,NA,1,NA,NA,NA,1,NA,NA,NA,1,NA,NA,NA,1,NA,NA,NA,1,NA,NA,NA,1,NA,NA,NA,1,NA,NA,NA,1,NA,NA,NA,1,NA,
BORYSTHENIA NATICINA,4471,NA,NA,NA,0,NA,NA,NA,0,NA,NA,NA,0,NA,NA,NA,0,NA,NA,NA,0,NA,NA,NA,0,NA,NA,NA,0,NA,NA,NA,0,NA,NA,NA,0,NA,NA,NA,0,NA,NA,NA,0,
BRACHYCENTRUS MACULATUS,6184,1,NA,NA,NA,1,NA,NA,NA,1,NA,NA,NA,1,NA,NA,NA,1,NA,NA,NA,1,NA,NA,NA,1,NA,NA,NA,1,NA,NA,NA,1,NA,NA,NA,1,NA,NA,NA,1,NA,NA,NA,
BRACHYCENTRUS SP.,4480,1,NA,NA,NA,1,NA,NA,NA,1,NA,NA,NA,1,NA,NA,NA,1,NA,NA,NA,1,NA,NA,NA,1,NA,NA,NA,1,NA,NA,NA,1,NA,NA,NA,1,NA,NA,NA,1,NA,NA,NA,
BRACHYCENTRUS SUBNUBILUS,4481,NA,NA,1,NA,NA,NA,1,NA,NA,NA,1,NA,NA,NA,1,NA,NA,NA,1,NA,NA,NA,1,NA,NA,NA,1,NA,NA,NA,1,NA,NA,NA,1,NA,NA,NA,1,NA,NA,NA,1,NA,
BRACHYCERCUS HARRISELLA,4482,1,NA,NA,NA,1,NA,NA,NA,1,NA,NA,NA,1,NA,NA,NA,1,NA,NA,NA,1,NA,NA,NA,1,NA,NA,NA,1,NA,NA,NA,1,NA,NA,NA,1,NA,NA,NA,1,NA,NA,NA,
BRACHYTRON PRATENSE,4491,1,NA,NA,NA,1,NA,NA,NA,1,NA,NA,NA,1,NA,NA,NA,1,NA,NA,NA,1,NA,NA,NA,1,NA,NA,NA,1,NA,NA,NA,1,NA,NA,NA,1,NA,NA,NA,1,NA,NA,NA,
BRILLIA SP.,4497,NA,NA,NA,0,NA,NA,NA,0,NA,NA,NA,0,NA,NA,NA,0,NA,NA,NA,0,NA,NA,NA,0,NA,NA,NA,0,NA,NA,NA,0,NA,NA,NA,0,NA,NA,NA,0,NA,NA,NA,0,
BRYCHIUS ELEVATUS AD.,12428,1,NA,NA,NA,1,NA,NA,NA,1,NA,NA,NA,1,NA,NA,NA,1,NA,NA,NA,1,NA,NA,NA,1,NA,NA,NA,1,NA,NA,NA,1,NA,NA,NA,1,NA,NA,NA,1,NA,NA,NA,
CAENIDAE GEN. SP.,8416,NA,NA,NA,0,NA,NA,NA,0,NA,NA,NA,0,NA,NA,NA,0,NA,NA,NA,0,NA,NA,NA,0,NA,NA,NA,0,NA,NA,NA,0,NA,NA,NA,0,NA,NA,NA,0,NA,NA,NA,0,
CAENIS HORARIA,4519,NA,NA,1,NA,NA,NA,1,NA,NA,NA,1,NA,NA,NA,1,NA,NA,NA,1,NA,NA,NA,1,NA,NA,NA,1,NA,NA,NA,1,NA,NA,NA,1,NA,NA,NA,1,NA,NA,NA,1,NA,
CAENIS LUCTUOSA,4521,NA,NA,1,NA,NA,NA,1,NA,NA,NA,1,NA,NA,NA,1,NA,NA,NA,1,NA,NA,NA,1,NA,NA,NA,1,NA,NA,NA,1,NA,NA,NA,1,NA,NA,NA,1,NA,NA,NA,1,NA,
CAENIS MACRURA,4522,NA,NA,1,NA,NA,NA,1,NA,NA,NA,1,NA,NA,NA,1,NA,NA,NA,1,NA,NA,NA,1,NA,NA,NA,1,NA,NA,NA,1,NA,NA,NA,1,NA,NA,NA,1,NA,NA,NA,1,NA,
CAENIS SP.,4528,1,NA,NA,NA,1,NA,NA,NA,1,NA,NA,NA,1,NA,NA,NA,1,NA,NA,NA,1,NA,NA,NA,1,NA,NA,NA,1,NA,NA,NA,1,NA,NA,NA,1,NA,NA,NA,1,NA,NA,NA,
CALLICORIXA PRAEUSTA SSP.,19312,NA,0,NA,NA,NA,0,NA,NA,NA,0,NA,NA,NA,0,NA,NA,NA,0,NA,NA,NA,0,NA,NA,NA,0,NA,NA,NA,0,NA,NA,NA,0,NA,NA,NA,0,NA,NA,NA,0,NA,NA,
CALOPTERYX SP.,4531,1,NA,NA,NA,1,NA,NA,NA,1,NA,NA,NA,1,NA,NA,NA,1,NA,NA,NA,1,NA,NA,NA,1,NA,NA,NA,1,NA,NA,NA,1,NA,NA,NA,1,NA,NA,NA,1,NA,NA,NA,
CALOPTERYX SPLENDENS,4530,NA,NA,1,NA,NA,NA,1,NA,NA,NA,1,NA,NA,NA,1,NA,NA,NA,1,NA,NA,NA,1,NA,NA,NA,1,NA,NA,NA,1,NA,NA,NA,1,NA,NA,NA,1,NA,NA,NA,1,NA,
CALOPTERYX VIRGO,4532,NA,NA,1,NA,NA,NA,1,NA,NA,NA,1,NA,NA,NA,1,NA,NA,NA,1,NA,NA,NA,1,NA,NA,NA,1,NA,NA,NA,1,NA,NA,NA,1,NA,NA,NA,1,NA,NA,NA,1,NA,
CAPNIA SP.,4552,1,NA,NA,NA,1,NA,NA,NA,1,NA,NA,NA,1,NA,NA,NA,1,NA,NA,NA,1,NA,NA,NA,1,NA,NA,NA,1,NA,NA,NA,1,NA,NA,NA,1,NA,NA,NA,1,NA,NA,NA,
CAPNOPSIS SCHILLERI SSP.,21438,NA,0,NA,NA,NA,0,NA,NA,NA,0,NA,NA,NA,0,NA,NA,NA,0,NA,NA,NA,0,NA,NA,NA,0,NA,NA,NA,0,NA,NA,NA,0,NA,NA,NA,0,NA,NA,NA,0,NA,NA,
CATACLYSTA LEMNATA,9456,1,NA,NA,NA,1,NA,NA,NA,1,NA,NA,NA,1,NA,NA,NA,1,NA,NA,NA,1,NA,NA,NA,1,NA,NA,NA,1,NA,NA,NA,1,NA,NA,NA,1,NA,NA,NA,1,NA,NA,NA,
CENTROPTILUM LUTEOLUM,8850,1,NA,NA,NA,1,NA,NA,NA,1,NA,NA,NA,1,NA,NA,NA,1,NA,NA,NA,1,NA,NA,NA,1,NA,NA,NA,1,NA,NA,NA,1,NA,NA,NA,1,NA,NA,NA,1,NA,NA,NA,
CERACLEA ALBIMACULA,4577,NA,NA,1,NA,NA,NA,1,NA,NA,NA,1,NA,NA,NA,1,NA,NA,NA,1,NA,NA,NA,1,NA,NA,NA,1,NA,NA,NA,1,NA,NA,NA,1,NA,NA,NA,1,NA,NA,NA,1,NA,
CERACLEA ANNULICORNIS,4579,NA,NA,1,NA,NA,NA,1,NA,NA,NA,1,NA,NA,NA,1,NA,NA,NA,1,NA,NA,NA,1,NA,NA,NA,1,NA,NA,NA,1,NA,NA,NA,1,NA,NA,NA,1,NA,NA,NA,1,NA,
CERACLEA FULVA,4581,NA,NA,1,NA,NA,NA,1,NA,NA,NA,1,NA,NA,NA,1,NA,NA,NA,1,NA,NA,NA,1,NA,NA,NA,1,NA,NA,NA,1,NA,NA,NA,1,NA,NA,NA,1,NA,NA,NA,1,NA,
CERACLEA SP.,4584,1,NA,NA,NA,1,NA,NA,NA,1,NA,NA,NA,1,NA,NA,NA,1,NA,NA,NA,1,NA,NA,NA,1,NA,NA,NA,1,NA,NA,NA,1,NA,NA,NA,1,NA,NA,NA,1,NA,NA,NA,
CERATOPOGONIDAE GEN. SP.,4585,NA,NA,NA,0,NA,NA,NA,0,NA,NA,NA,0,NA,NA,NA,0,NA,NA,NA,0,NA,NA,NA,0,NA,NA,NA,0,NA,NA,NA,0,NA,NA,NA,0,NA,NA,NA,0,NA,NA,NA,0,
CHAETOGAMMARUS SP.,12327,NA,NA,NA,0,NA,NA,NA,0,NA,NA,NA,0,NA,NA,NA,0,NA,NA,NA,0,NA,NA,NA,0,NA,NA,NA,0,NA,NA,NA,0,NA,NA,NA,0,NA,NA,NA,0,NA,NA,NA,0,
CHAETOPTERYX VILLOSA SSP.,21248,NA,NA,NA,0,NA,NA,1,NA,NA,NA,NA,0,NA,NA,NA,0,NA,NA,1,NA,NA,NA,NA,0,NA,NA,1,NA,NA,NA,1,NA,NA,NA,NA,0,NA,NA,NA,0,NA,NA,NA,0,
CHAOBORUS CRYSTALLINUS,4632,NA,NA,1,NA,NA,NA,1,NA,NA,NA,1,NA,NA,NA,1,NA,NA,NA,1,NA,NA,NA,1,NA,NA,NA,1,NA,NA,NA,1,NA,NA,NA,1,NA,NA,NA,1,NA,NA,NA,1,NA,
CHELICOROPHIUM CURVISPINUM,22441,NA,NA,NA,0,NA,NA,NA,0,NA,NA,NA,0,NA,NA,NA,0,NA,NA,NA,0,NA,NA,NA,0,NA,NA,NA,0,NA,NA,NA,0,NA,NA,NA,0,NA,NA,NA,0,NA,NA,NA,0,
CHEUMATOPSYCHE LEPIDA,4639,1,NA,NA,NA,1,NA,NA,NA,1,NA,NA,NA,1,NA,NA,NA,1,NA,NA,NA,1,NA,NA,NA,1,NA,NA,NA,1,NA,NA,NA,1,NA,NA,NA,1,NA,NA,NA,1,NA,NA,NA,
CHIRONOMIDAE GEN. SP.,4642,NA,NA,NA,0,NA,NA,NA,0,NA,NA,NA,0,NA,NA,NA,0,NA,NA,NA,0,NA,NA,NA,0,NA,NA,NA,0,NA,NA,NA,0,NA,NA,NA,0,NA,NA,NA,0,NA,NA,NA,0,
CHIRONOMINAE GEN. SP.,4643,NA,NA,NA,0,NA,NA,NA,0,NA,NA,NA,0,NA,NA,NA,0,NA,NA,NA,0,NA,NA,NA,0,NA,NA,NA,0,NA,NA,NA,0,NA,NA,NA,0,NA,NA,NA,0,NA,NA,NA,0,
CHIRONOMUS DORSALIS,8040,NA,NA,NA,0,NA,NA,NA,0,NA,NA,NA,0,NA,NA,NA,0,NA,NA,NA,0,NA,NA,NA,0,NA,NA,NA,0,NA,NA,NA,0,NA,NA,NA,0,NA,NA,NA,0,NA,NA,NA,0,
CHIRONOMUS PLUMOSUS,4656,NA,NA,NA,0,NA,NA,NA,0,NA,NA,NA,0,NA,NA,NA,0,NA,NA,NA,0,NA,NA,NA,0,NA,NA,NA,0,NA,NA,NA,0,NA,NA,NA,0,NA,NA,NA,0,NA,NA,NA,0,
CHIRONOMUS RIPARIUS,4660,NA,NA,NA,0,NA,NA,NA,0,NA,NA,NA,0,NA,NA,NA,0,NA,NA,NA,0,NA,NA,NA,0,NA,NA,NA,0,NA,NA,NA,0,NA,NA,NA,0,NA,NA,NA,0,NA,NA,NA,0,
CHIRONOMUS SP.,4663,NA,NA,NA,0,NA,NA,NA,0,NA,NA,NA,0,NA,NA,NA,0,NA,NA,NA,0,NA,NA,NA,0,NA,NA,NA,0,NA,NA,NA,0,NA,NA,NA,0,NA,NA,NA,0,NA,NA,NA,0,
CHLOROPERLA SP.,4671,1,NA,NA,NA,1,NA,NA,NA,1,NA,NA,NA,1,NA,NA,NA,1,NA,NA,NA,1,NA,NA,NA,1,NA,NA,NA,1,NA,NA,NA,1,NA,NA,NA,1,NA,NA,NA,1,NA,NA,NA,
CHRYSOPILUS SP.,14467,1,NA,NA,NA,NA,NA,NA,NA,1,NA,NA,NA,1,NA,NA,NA,1,NA,NA,NA,1,NA,NA,NA,1,NA,NA,NA,1,NA,NA,NA,1,NA,NA,NA,NA,NA,NA,NA,1,NA,NA,NA,
CHRYSOPS SP.,9324,NA,NA,NA,0,NA,NA,NA,0,NA,NA,NA,0,NA,NA,NA,0,NA,NA,NA,0,NA,NA,NA,0,NA,NA,NA,0,NA,NA,NA,0,NA,NA,NA,0,NA,NA,NA,0,NA,NA,NA,0,
CLINOTANYPUS NERVOSUS,4702,NA,NA,NA,0,NA,NA,NA,0,NA,NA,NA,0,NA,NA,NA,0,NA,NA,NA,0,NA,NA,NA,0,NA,NA,NA,0,NA,NA,NA,0,NA,NA,NA,0,NA,NA,NA,0,NA,NA,NA,0,
CLOEON DIPTERUM,4705,NA,NA,1,NA,NA,NA,1,NA,NA,NA,1,NA,NA,NA,1,NA,NA,NA,1,NA,NA,NA,1,NA,NA,NA,1,NA,NA,NA,1,NA,NA,NA,1,NA,NA,NA,1,NA,NA,NA,1,NA,
CLOEON SIMILE,4708,NA,NA,1,NA,NA,NA,1,NA,NA,NA,1,NA,NA,NA,1,NA,NA,NA,1,NA,NA,NA,1,NA,NA,NA,1,NA,NA,NA,1,NA,NA,NA,1,NA,NA,NA,1,NA,NA,NA,1,NA,
CLOEON SP.,4709,1,NA,NA,NA,1,NA,NA,NA,1,NA,NA,NA,1,NA,NA,NA,1,NA,NA,NA,1,NA,NA,NA,1,NA,NA,NA,1,NA,NA,NA,1,NA,NA,NA,1,NA,NA,NA,1,NA,NA,NA,
COENAGRION ARMATUM,7424,NA,NA,1,NA,NA,NA,1,NA,NA,NA,1,NA,NA,NA,1,NA,NA,NA,1,NA,NA,NA,1,NA,NA,NA,1,NA,NA,NA,1,NA,NA,NA,1,NA,NA,NA,1,NA,NA,NA,1,NA,
COENAGRION PUELLA,4719,NA,NA,1,NA,NA,NA,1,NA,NA,NA,1,NA,NA,NA,1,NA,NA,NA,1,NA,NA,NA,1,NA,NA,NA,1,NA,NA,NA,1,NA,NA,NA,1,NA,NA,NA,1,NA,NA,NA,1,NA,
COENAGRION PULCHELLUM,4720,NA,NA,1,NA,NA,NA,1,NA,NA,NA,1,NA,NA,NA,1,NA,NA,NA,1,NA,NA,NA,1,NA,NA,NA,1,NA,NA,NA,1,NA,NA,NA,1,NA,NA,NA,1,NA,NA,NA,1,NA,
COENAGRION SP.,4722,1,NA,NA,NA,1,NA,NA,NA,1,NA,NA,NA,1,NA,NA,NA,1,NA,NA,NA,1,NA,NA,NA,1,NA,NA,NA,1,NA,NA,NA,1,NA,NA,NA,1,NA,NA,NA,1,NA,NA,NA,
COENAGRIONIDAE GEN. SP.,4723,NA,NA,NA,0,NA,NA,NA,0,NA,NA,NA,0,NA,NA,NA,0,NA,NA,NA,0,NA,NA,NA,0,NA,NA,NA,0,NA,NA,NA,0,NA,NA,NA,0,NA,NA,NA,0,NA,NA,NA,0,
COLYMBETINAE GEN. SP. AD.,11722,NA,NA,NA,0,NA,NA,NA,0,NA,NA,NA,0,NA,NA,NA,0,NA,NA,NA,0,NA,NA,NA,0,NA,NA,NA,0,NA,NA,NA,0,NA,NA,NA,0,NA,NA,NA,0,NA,NA,NA,0,
CORDULEGASTER BOLTONII,4740,NA,NA,1,NA,NA,NA,1,NA,NA,NA,1,NA,NA,NA,1,NA,NA,NA,1,NA,NA,NA,1,NA,NA,NA,1,NA,NA,NA,1,NA,NA,NA,1,NA,NA,NA,1,NA,NA,NA,1,NA,
CORDULIA AENEA,4741,1,NA,NA,NA,1,NA,NA,NA,1,NA,NA,NA,1,NA,NA,NA,1,NA,NA,NA,1,NA,NA,NA,1,NA,NA,NA,1,NA,NA,NA,1,NA,NA,NA,1,NA,NA,NA,1,NA,NA,NA,
CORIXA SP.,4746,1,NA,NA,NA,1,NA,NA,NA,1,NA,NA,NA,1,NA,NA,NA,1,NA,NA,NA,1,NA,NA,NA,1,NA,NA,NA,1,NA,NA,NA,1,NA,NA,NA,1,NA,NA,NA,1,NA,NA,NA,
CORIXIDAE GEN. SP.,8491,NA,NA,NA,0,NA,NA,NA,0,NA,NA,NA,0,NA,NA,NA,0,NA,NA,NA,0,NA,NA,NA,0,NA,NA,NA,0,NA,NA,NA,0,NA,NA,NA,0,NA,NA,NA,0,NA,NA,NA,0,
COROPHIIDAE GEN. SP.,9280,NA,NA,NA,0,NA,NA,NA,0,NA,NA,NA,0,NA,NA,NA,0,NA,NA,NA,0,NA,NA,NA,0,NA,NA,NA,0,NA,NA,NA,0,NA,NA,NA,0,NA,NA,NA,0,NA,NA,NA,0,
CRICOTOPUS SP.,7476,NA,NA,NA,0,NA,NA,NA,0,NA,NA,NA,0,NA,NA,NA,0,NA,NA,NA,0,NA,NA,NA,0,NA,NA,NA,0,NA,NA,NA,0,NA,NA,NA,0,NA,NA,NA,0,NA,NA,NA,0,
CRICOTOPUS SYLVESTRIS,4805,NA,NA,NA,0,NA,NA,NA,0,NA,NA,NA,0,NA,NA,NA,0,NA,NA,NA,0,NA,NA,NA,0,NA,NA,NA,0,NA,NA,NA,0,NA,NA,NA,0,NA,NA,NA,0,NA,NA,NA,0,
CRUNOECIA IRRORATA SSP.,19320,NA,NA,1,NA,NA,NA,1,NA,NA,NA,1,NA,NA,NA,1,NA,NA,NA,1,NA,NA,NA,1,NA,NA,NA,1,NA,NA,NA,1,NA,NA,NA,1,NA,NA,NA,NA,0,NA,NA,1,NA,
CRUNOECIA SP.,8946,1,NA,NA,NA,1,NA,NA,NA,1,NA,NA,NA,1,NA,NA,NA,1,NA,NA,NA,1,NA,NA,NA,1,NA,NA,NA,1,NA,NA,NA,1,NA,NA,NA,NA,NA,NA,0,1,NA,NA,NA,
CRYPTOCHIRONOMUS DEFECTUS,4823,NA,NA,NA,0,NA,NA,NA,0,NA,NA,NA,0,NA,NA,NA,0,NA,NA,NA,0,NA,NA,NA,0,NA,NA,NA,0,NA,NA,NA,0,NA,NA,NA,0,NA,NA,NA,0,NA,NA,NA,0,
CRYPTOCHIRONOMUS SP.,4831,NA,NA,NA,0,NA,NA,NA,0,NA,NA,NA,0,NA,NA,NA,0,NA,NA,NA,0,NA,NA,NA,0,NA,NA,NA,0,NA,NA,NA,0,NA,NA,NA,0,NA,NA,NA,0,NA,NA,NA,0,
CYBISTER LATERALIMARGINALIS AD.,11770,1,NA,NA,NA,1,NA,NA,NA,1,NA,NA,NA,1,NA,NA,NA,1,NA,NA,NA,1,NA,NA,NA,1,NA,NA,NA,1,NA,NA,NA,1,NA,NA,NA,1,NA,NA,NA,1,NA,NA,NA,
CYMATIA COLEOPTRATA,4849,NA,NA,1,NA,NA,NA,1,NA,NA,NA,1,NA,NA,NA,1,NA,NA,NA,1,NA,NA,NA,1,NA,NA,NA,1,NA,NA,NA,1,NA,NA,NA,1,NA,NA,NA,1,NA,NA,NA,1,NA,
CYRNUS CRENATICORNIS,4873,NA,NA,1,NA,NA,NA,1,NA,NA,NA,1,NA,NA,NA,1,NA,NA,NA,1,NA,NA,NA,1,NA,NA,NA,1,NA,NA,NA,1,NA,NA,NA,1,NA,NA,NA,1,NA,NA,NA,1,NA,
CYRNUS FLAVIDUS,4874,NA,NA,1,NA,NA,NA,1,NA,NA,NA,1,NA,NA,NA,1,NA,NA,NA,1,NA,NA,NA,1,NA,NA,NA,1,NA,NA,NA,1,NA,NA,NA,1,NA,NA,NA,1,NA,NA,NA,1,NA,
CYRNUS INSOLUTUS,4875,NA,NA,1,NA,NA,NA,1,NA,NA,NA,1,NA,NA,NA,1,NA,NA,NA,1,NA,NA,NA,1,NA,NA,NA,1,NA,NA,NA,1,NA,NA,NA,1,NA,NA,NA,1,NA,NA,NA,1,NA,
CYRNUS TRIMACULATUS,4877,NA,NA,1,NA,NA,NA,1,NA,NA,NA,1,NA,NA,NA,1,NA,NA,NA,1,NA,NA,NA,1,NA,NA,NA,1,NA,NA,NA,1,NA,NA,NA,1,NA,NA,NA,1,NA,NA,NA,1,NA,
DENDROCOELUM LACTEUM,4911,1,NA,NA,NA,1,NA,NA,NA,1,NA,NA,NA,1,NA,NA,NA,1,NA,NA,NA,1,NA,NA,NA,1,NA,NA,NA,1,NA,NA,NA,1,NA,NA,NA,1,NA,NA,NA,1,NA,NA,NA,
DERONECTES LATUS AD.,11829,NA,NA,0,NA,NA,NA,0,NA,NA,NA,0,NA,NA,NA,0,NA,NA,NA,0,NA,NA,NA,0,NA,NA,NA,0,NA,NA,NA,0,NA,NA,NA,0,NA,NA,NA,0,NA,NA,NA,0,NA,
DIAMESINAE GEN. SP.,4950,NA,NA,NA,0,1,NA,NA,NA,NA,NA,NA,0,NA,NA,NA,0,1,NA,NA,NA,NA,NA,NA,0,1,NA,NA,NA,1,NA,NA,NA,NA,NA,NA,0,NA,NA,NA,0,NA,NA,NA,0,
DICRANOTA BIMACULATA,7186,NA,NA,NA,0,NA,NA,NA,0,NA,NA,NA,0,NA,NA,NA,0,NA,NA,NA,0,NA,NA,NA,0,NA,NA,NA,0,NA,NA,NA,0,NA,NA,NA,0,NA,NA,NA,0,NA,NA,NA,0,
DIXA SP.,4989,1,NA,NA,NA,1,NA,NA,NA,1,NA,NA,NA,1,NA,NA,NA,1,NA,NA,NA,1,NA,NA,NA,1,NA,NA,NA,1,NA,NA,NA,1,NA,NA,NA,1,NA,NA,NA,1,NA,NA,NA,
DIXELLA SP.,10349,1,NA,NA,NA,1,NA,NA,NA,1,NA,NA,NA,1,NA,NA,NA,1,NA,NA,NA,1,NA,NA,NA,1,NA,NA,NA,1,NA,NA,NA,1,NA,NA,NA,1,NA,NA,NA,1,NA,NA,NA,
DIXIDAE GEN. SP.,4990,NA,NA,NA,0,NA,NA,NA,0,NA,NA,NA,0,NA,NA,NA,0,NA,NA,NA,0,NA,NA,NA,0,NA,NA,NA,0,NA,NA,NA,0,NA,NA,NA,0,NA,NA,NA,0,NA,NA,NA,0,
DOLICHOPODIDAE GEN. SP.,8427,1,NA,NA,NA,1,NA,NA,NA,1,NA,NA,NA,1,NA,NA,NA,NA,NA,NA,NA,1,NA,NA,NA,1,NA,NA,NA,1,NA,NA,NA,1,NA,NA,NA,1,NA,NA,NA,1,NA,NA,NA,
DREISSENA POLYMORPHA,4999,1,NA,NA,NA,1,NA,NA,NA,1,NA,NA,NA,1,NA,NA,NA,1,NA,NA,NA,1,NA,NA,NA,1,NA,NA,NA,1,NA,NA,NA,1,NA,NA,NA,1,NA,NA,NA,1,NA,NA,NA,
DRYOPIDAE GEN. SP. AD.,8446,NA,NA,NA,0,NA,NA,NA,0,NA,NA,NA,0,NA,NA,NA,0,NA,NA,NA,0,NA,NA,NA,0,NA,NA,NA,0,NA,NA,NA,0,NA,NA,NA,0,NA,NA,NA,0,NA,NA,NA,0,
DUGESIIDAE GEN. SP.,9365,NA,NA,NA,0,NA,NA,NA,0,NA,NA,NA,0,NA,NA,NA,0,NA,NA,NA,0,NA,NA,NA,0,NA,NA,NA,0,NA,NA,NA,0,NA,NA,NA,0,NA,NA,NA,0,NA,NA,NA,0,
DYTISCIDAE GEN. SP. AD.,11625,NA,NA,NA,0,NA,NA,NA,0,NA,NA,NA,0,NA,NA,NA,0,NA,NA,NA,0,NA,NA,NA,0,NA,NA,NA,0,NA,NA,NA,0,NA,NA,NA,0,NA,NA,NA,0,NA,NA,NA,0,
DYTISCUS MARGINALIS AD.,11782,NA,NA,0,NA,NA,NA,0,NA,NA,NA,0,NA,NA,NA,0,NA,NA,NA,0,NA,NA,NA,0,NA,NA,NA,0,NA,NA,NA,0,NA,NA,NA,0,NA,NA,NA,0,NA,NA,NA,0,NA,
DYTISCUS SP. AD.,11784,1,NA,NA,NA,1,NA,NA,NA,1,NA,NA,NA,1,NA,NA,NA,1,NA,NA,NA,1,NA,NA,NA,1,NA,NA,NA,1,NA,NA,NA,1,NA,NA,NA,1,NA,NA,NA,1,NA,NA,NA,
EISENIELLA TETRAEDRA,5075,1,NA,NA,NA,1,NA,NA,NA,1,NA,NA,NA,1,NA,NA,NA,1,NA,NA,NA,1,NA,NA,NA,1,NA,NA,NA,1,NA,NA,NA,1,NA,NA,NA,1,NA,NA,NA,1,NA,NA,NA,
ELMIDAE GEN. SP. AD.,12061,NA,NA,NA,0,NA,NA,NA,0,NA,NA,NA,0,NA,NA,NA,0,NA,NA,NA,0,NA,NA,NA,0,NA,NA,NA,0,NA,NA,NA,0,NA,NA,NA,0,NA,NA,NA,0,NA,NA,NA,0,
ELMIS AENEA AD.,12066,NA,NA,0,NA,NA,NA,0,NA,NA,NA,0,NA,NA,NA,0,NA,NA,NA,0,NA,NA,NA,0,NA,NA,NA,0,NA,NA,NA,0,NA,NA,NA,0,NA,NA,NA,0,NA,NA,NA,0,NA,
ELMIS SP. AD.,12072,1,NA,NA,NA,1,NA,NA,NA,1,NA,NA,NA,1,NA,NA,NA,1,NA,NA,NA,1,NA,NA,NA,1,NA,NA,NA,1,NA,NA,NA,1,NA,NA,NA,1,NA,NA,NA,1,NA,NA,NA,
ELODES SP. AD.,14050,1,NA,NA,NA,1,NA,NA,NA,1,NA,NA,NA,1,NA,NA,NA,1,NA,NA,NA,1,NA,NA,NA,1,NA,NA,NA,1,NA,NA,NA,1,NA,NA,NA,1,NA,NA,NA,1,NA,NA,NA,
ELOEOPHILA SP.,9654,NA,NA,NA,0,NA,NA,NA,0,NA,NA,NA,0,NA,NA,NA,0,NA,NA,NA,0,NA,NA,NA,0,NA,NA,NA,0,NA,NA,NA,0,NA,NA,NA,0,NA,NA,NA,0,NA,NA,NA,0,
ELOPHILA SP.,9460,NA,NA,0,NA,1,NA,NA,NA,NA,NA,0,NA,NA,NA,0,NA,1,NA,NA,NA,NA,NA,NA,0,1,NA,NA,NA,1,NA,NA,NA,NA,NA,0,NA,NA,NA,0,NA,NA,NA,0,NA,
EMPIDIDAE GEN. SP.,5097,NA,NA,NA,0,NA,NA,NA,0,NA,NA,NA,0,NA,NA,NA,0,NA,NA,NA,0,NA,NA,NA,0,NA,NA,NA,0,NA,NA,NA,0,NA,NA,NA,0,NA,NA,NA,NA,NA,NA,NA,0,
ENALLAGMA CYATHIGERUM,5100,1,NA,NA,NA,1,NA,NA,NA,1,NA,NA,NA,1,NA,NA,NA,1,NA,NA,NA,1,NA,NA,NA,1,NA,NA,NA,1,NA,NA,NA,1,NA,NA,NA,1,NA,NA,NA,1,NA,NA,NA,
ENALLAGMA SP.,8971,NA,NA,0,NA,1,NA,NA,NA,NA,NA,0,NA,NA,NA,0,NA,1,NA,NA,NA,NA,NA,0,NA,1,NA,NA,NA,1,NA,NA,NA,NA,NA,0,NA,NA,NA,0,NA,NA,NA,0,NA,
ENDOCHIRONOMUS SP.,5105,NA,NA,NA,0,NA,NA,NA,0,NA,NA,NA,0,NA,NA,NA,0,NA,NA,NA,0,NA,NA,NA,0,NA,NA,NA,0,NA,NA,NA,0,NA,NA,NA,0,NA,NA,NA,0,NA,NA,NA,0,
ENDOCHIRONOMUS TENDENS,5106,NA,NA,NA,0,NA,NA,NA,0,NA,NA,NA,0,NA,NA,NA,0,NA,NA,NA,0,NA,NA,NA,0,NA,NA,NA,0,NA,NA,NA,0,NA,NA,NA,0,NA,NA,NA,0,NA,NA,NA,0,
EPHEMERA DANICA,5124,NA,NA,1,NA,NA,NA,1,NA,NA,NA,1,NA,NA,NA,1,NA,NA,NA,1,NA,NA,NA,1,NA,NA,NA,1,NA,NA,NA,1,NA,NA,NA,1,NA,NA,NA,1,NA,NA,NA,1,NA,
EPHEMERA LINEATA,5127,NA,NA,1,NA,NA,NA,1,NA,NA,NA,1,NA,NA,NA,1,NA,NA,NA,1,NA,NA,NA,1,NA,NA,NA,1,NA,NA,NA,1,NA,NA,NA,1,NA,NA,NA,1,NA,NA,NA,1,NA,
EPHEMERA SP.,5128,1,NA,NA,NA,1,NA,NA,NA,1,NA,NA,NA,1,NA,NA,NA,1,NA,NA,NA,1,NA,NA,NA,1,NA,NA,NA,1,NA,NA,NA,1,NA,NA,NA,1,NA,NA,NA,1,NA,NA,NA,
EPHEMERA VULGATA,5129,NA,NA,1,NA,NA,NA,1,NA,NA,NA,1,NA,NA,NA,1,NA,NA,NA,1,NA,NA,NA,1,NA,NA,NA,1,NA,NA,NA,1,NA,NA,NA,1,NA,NA,NA,1,NA,NA,NA,1,NA,
EPHEMERELLA SP.,5137,1,NA,NA,NA,1,NA,NA,NA,1,NA,NA,NA,1,NA,NA,NA,1,NA,NA,NA,1,NA,NA,NA,1,NA,NA,NA,1,NA,NA,NA,1,NA,NA,NA,1,NA,NA,NA,1,NA,NA,NA,
EPHYDRIDAE GEN. SP.,9599,1,NA,NA,NA,1,NA,NA,NA,1,NA,NA,NA,1,NA,NA,NA,1,NA,NA,NA,1,NA,NA,NA,1,NA,NA,NA,1,NA,NA,NA,1,NA,NA,NA,1,NA,NA,NA,1,NA,NA,NA,
EPITHECA BIMACULATA,5146,1,NA,NA,NA,1,NA,NA,NA,1,NA,NA,NA,1,NA,NA,NA,1,NA,NA,NA,1,NA,NA,NA,1,NA,NA,NA,1,NA,NA,NA,1,NA,NA,NA,1,NA,NA,NA,1,NA,NA,NA,
ERPOBDELLA OCTOCULATA,5159,NA,NA,1,NA,NA,NA,1,NA,NA,NA,1,NA,NA,NA,1,NA,NA,NA,1,NA,NA,NA,1,NA,NA,NA,1,NA,NA,NA,1,NA,NA,NA,1,NA,NA,NA,1,NA,NA,NA,1,NA,
ERYTHROMMA NAJAS,5164,NA,NA,1,NA,NA,NA,1,NA,NA,NA,1,NA,NA,NA,1,NA,NA,NA,1,NA,NA,NA,1,NA,NA,NA,1,NA,NA,NA,1,NA,NA,NA,1,NA,NA,NA,1,NA,NA,NA,1,NA,
ERYTHROMMA VIRIDULUM,5165,NA,NA,1,NA,NA,NA,1,NA,NA,NA,1,NA,NA,NA,1,NA,NA,NA,1,NA,NA,NA,1,NA,NA,NA,1,NA,NA,NA,1,NA,NA,NA,1,NA,NA,NA,1,NA,NA,NA,1,NA,
ESOLUS SP. AD.,12084,1,NA,NA,NA,1,NA,NA,NA,1,NA,NA,NA,1,NA,NA,NA,1,NA,NA,NA,1,NA,NA,NA,1,NA,NA,NA,1,NA,NA,NA,1,NA,NA,NA,1,NA,NA,NA,1,NA,NA,NA,
GALBA TRUNCATULA,5284,1,NA,NA,NA,1,NA,NA,NA,1,NA,NA,NA,1,NA,NA,NA,1,NA,NA,NA,1,NA,NA,NA,1,NA,NA,NA,1,NA,NA,NA,1,NA,NA,NA,1,NA,NA,NA,1,NA,NA,NA,
GAMMARUS LACUSTRIS,5290,NA,NA,1,NA,NA,NA,1,NA,NA,NA,1,NA,NA,NA,1,NA,NA,NA,1,NA,NA,NA,1,NA,NA,NA,1,NA,NA,NA,1,NA,NA,NA,1,NA,NA,NA,1,NA,NA,NA,1,NA,
GAMMARUS PULEX,5291,NA,NA,1,NA,NA,NA,1,NA,NA,NA,1,NA,NA,NA,1,NA,NA,NA,1,NA,NA,NA,1,NA,NA,NA,1,NA,NA,NA,1,NA,NA,NA,1,NA,NA,NA,1,NA,NA,NA,1,NA,
GAMMARUS SP.,5293,1,NA,NA,NA,1,NA,NA,NA,1,NA,NA,NA,1,NA,NA,NA,1,NA,NA,NA,1,NA,NA,NA,1,NA,NA,NA,1,NA,NA,NA,1,NA,NA,NA,1,NA,NA,NA,1,NA,NA,NA,
GERRIS LACUSTRIS,5299,NA,NA,1,NA,NA,NA,1,NA,NA,NA,1,NA,NA,NA,1,NA,NA,NA,1,NA,NA,NA,1,NA,NA,NA,1,NA,NA,NA,1,NA,NA,NA,1,NA,NA,NA,1,NA,NA,NA,1,NA,
GERRIS SP.,5303,1,NA,NA,NA,1,NA,NA,NA,1,NA,NA,NA,1,NA,NA,NA,1,NA,NA,NA,1,NA,NA,NA,1,NA,NA,NA,1,NA,NA,NA,1,NA,NA,NA,1,NA,NA,NA,1,NA,NA,NA,
GLOSSIPHONIA COMPLANATA,5304,NA,NA,1,NA,NA,NA,1,NA,NA,NA,1,NA,NA,NA,1,NA,NA,NA,1,NA,NA,NA,1,NA,NA,NA,1,NA,NA,NA,1,NA,NA,NA,1,NA,NA,NA,1,NA,NA,NA,1,NA,
GLOSSIPHONIA CONCOLOR,5307,NA,NA,1,NA,NA,NA,1,NA,NA,NA,1,NA,NA,NA,1,NA,NA,NA,1,NA,NA,NA,1,NA,NA,NA,1,NA,NA,NA,1,NA,NA,NA,1,NA,NA,NA,1,NA,NA,NA,1,NA,
GLOSSIPHONIA SP.,5310,1,NA,NA,NA,1,NA,NA,NA,1,NA,NA,NA,1,NA,NA,NA,1,NA,NA,NA,1,NA,NA,NA,1,NA,NA,NA,1,NA,NA,NA,1,NA,NA,NA,1,NA,NA,NA,1,NA,NA,NA,
GLOSSOSOMA BOLTONI,5312,NA,NA,1,NA,NA,NA,1,NA,NA,NA,1,NA,NA,NA,1,NA,NA,NA,1,NA,NA,NA,1,NA,NA,NA,1,NA,NA,NA,1,NA,NA,NA,1,NA,NA,NA,1,NA,NA,NA,1,NA,
GOERA PILOSA,5329,1,NA,NA,NA,1,NA,NA,NA,1,NA,NA,NA,1,NA,NA,NA,1,NA,NA,NA,1,NA,NA,NA,1,NA,NA,NA,1,NA,NA,NA,1,NA,NA,NA,1,NA,NA,NA,1,NA,NA,NA,
GOERIDAE GEN. SP.,9981,NA,NA,NA,0,NA,NA,NA,0,NA,NA,NA,0,NA,NA,NA,0,NA,NA,NA,0,NA,NA,NA,0,NA,NA,NA,0,NA,NA,NA,0,NA,NA,NA,0,NA,NA,NA,0,NA,NA,NA,0,
GOMPHUS FLAVIPES,7433,NA,NA,1,NA,NA,NA,1,NA,NA,NA,1,NA,NA,NA,1,NA,NA,NA,1,NA,NA,NA,1,NA,NA,NA,1,NA,NA,NA,1,NA,NA,NA,1,NA,NA,NA,1,NA,NA,NA,1,NA,
GOMPHUS SP.,5331,1,NA,NA,NA,1,NA,NA,NA,1,NA,NA,NA,1,NA,NA,NA,1,NA,NA,NA,1,NA,NA,NA,1,NA,NA,NA,1,NA,NA,NA,1,NA,NA,NA,1,NA,NA,NA,1,NA,NA,NA,
GOMPHUS VULGATISSIMUS,5332,NA,NA,1,NA,NA,NA,1,NA,NA,NA,1,NA,NA,NA,1,NA,NA,NA,1,NA,NA,NA,1,NA,NA,NA,1,NA,NA,NA,1,NA,NA,NA,1,NA,NA,NA,1,NA,NA,NA,1,NA,
GRAMMOTAULIUS NIGROPUNCTATUS,5335,NA,NA,NA,0,NA,NA,1,NA,NA,NA,NA,0,NA,NA,NA,0,NA,NA,1,NA,NA,NA,NA,0,NA,NA,1,NA,NA,NA,1,NA,NA,NA,NA,0,NA,NA,NA,0,NA,NA,NA,0,
GYRAULUS ALBUS,5354,NA,NA,1,NA,NA,NA,1,NA,NA,NA,1,NA,NA,NA,1,NA,NA,NA,1,NA,NA,NA,1,NA,NA,NA,1,NA,NA,NA,1,NA,NA,NA,1,NA,NA,NA,1,NA,NA,NA,1,NA,
GYRAULUS CRISTA,5356,1,NA,NA,NA,1,NA,NA,NA,1,NA,NA,NA,1,NA,NA,NA,1,NA,NA,NA,1,NA,NA,NA,1,NA,NA,NA,1,NA,NA,NA,1,NA,NA,NA,1,NA,NA,NA,1,NA,NA,NA,
GYRAULUS RIPARIUS,10479,NA,NA,1,NA,NA,NA,1,NA,NA,NA,1,NA,NA,NA,1,NA,NA,NA,1,NA,NA,NA,1,NA,NA,NA,1,NA,NA,NA,1,NA,NA,NA,1,NA,NA,NA,1,NA,NA,NA,1,NA,
GYRAULUS ROSSMAESSLERI,8249,NA,NA,1,NA,NA,NA,1,NA,NA,NA,1,NA,NA,NA,1,NA,NA,NA,1,NA,NA,NA,1,NA,NA,NA,1,NA,NA,NA,1,NA,NA,NA,1,NA,NA,NA,1,NA,NA,NA,1,NA,
GYRAULUS SP.,5359,1,NA,NA,NA,1,NA,NA,NA,1,NA,NA,NA,1,NA,NA,NA,1,NA,NA,NA,1,NA,NA,NA,1,NA,NA,NA,1,NA,NA,NA,1,NA,NA,NA,1,NA,NA,NA,1,NA,NA,NA,
GYRINIDAE GEN. SP. AD.,12391,NA,NA,NA,0,NA,NA,NA,0,NA,NA,NA,0,NA,NA,NA,0,NA,NA,NA,0,NA,NA,NA,0,NA,NA,NA,0,NA,NA,NA,0,NA,NA,NA,0,NA,NA,NA,0,NA,NA,NA,0,
GYRINUS AERATUS AD.,12400,NA,NA,0,NA,NA,NA,0,NA,NA,NA,0,NA,NA,NA,0,NA,NA,NA,0,NA,NA,NA,0,NA,NA,NA,0,NA,NA,NA,0,NA,NA,NA,0,NA,NA,NA,0,NA,NA,NA,0,NA,
GYRINUS MINUTUS AD.,12409,NA,NA,0,NA,NA,NA,0,NA,NA,NA,0,NA,NA,NA,0,NA,NA,NA,0,NA,NA,NA,0,NA,NA,NA,0,NA,NA,NA,0,NA,NA,NA,0,NA,NA,NA,0,NA,NA,NA,0,NA,
GYRINUS NATATOR AD.,12415,NA,NA,0,NA,NA,NA,0,NA,NA,NA,0,NA,NA,NA,0,NA,NA,NA,0,NA,NA,NA,0,NA,NA,NA,0,NA,NA,NA,0,NA,NA,NA,0,NA,NA,NA,0,NA,NA,NA,0,NA,
GYRINUS PAYKULLI AD.,12410,NA,NA,0,NA,NA,NA,0,NA,NA,NA,0,NA,NA,NA,0,NA,NA,NA,0,NA,NA,NA,0,NA,NA,NA,0,NA,NA,NA,0,NA,NA,NA,0,NA,NA,NA,0,NA,NA,NA,0,NA,
GYRINUS SP. AD.,12412,1,NA,NA,NA,1,NA,NA,NA,1,NA,NA,NA,1,NA,NA,NA,1,NA,NA,NA,1,NA,NA,NA,1,NA,NA,NA,1,NA,NA,NA,1,NA,NA,NA,1,NA,NA,NA,1,NA,NA,NA,
HABROPHLEBIA FUSCA,5369,NA,NA,1,NA,NA,NA,1,NA,NA,NA,1,NA,NA,NA,1,NA,NA,NA,1,NA,NA,NA,1,NA,NA,NA,1,NA,NA,NA,1,NA,NA,NA,1,NA,NA,NA,1,NA,NA,NA,1,NA,
HABROPHLEBIA LAUTA,5370,NA,NA,1,NA,NA,NA,1,NA,NA,NA,1,NA,NA,NA,1,NA,NA,NA,1,NA,NA,NA,1,NA,NA,NA,1,NA,NA,NA,1,NA,NA,NA,1,NA,NA,NA,1,NA,NA,NA,1,NA,
HAEMOPIS SANGUISUGA,5373,1,NA,NA,NA,1,NA,NA,NA,1,NA,NA,NA,1,NA,NA,NA,1,NA,NA,NA,1,NA,NA,NA,1,NA,NA,NA,1,NA,NA,NA,1,NA,NA,NA,1,NA,NA,NA,1,NA,NA,NA,
HAEMOPIS SP.,9004,NA,NA,0,NA,NA,NA,0,NA,NA,NA,0,NA,NA,NA,0,NA,NA,NA,0,NA,NA,NA,0,NA,NA,NA,0,NA,NA,NA,0,NA,NA,NA,0,NA,NA,NA,0,NA,NA,NA,0,NA,
HALESUS DIGITATUS SSP.,21501,NA,NA,1,NA,NA,NA,1,NA,NA,NA,1,NA,NA,NA,1,NA,NA,NA,1,NA,NA,NA,1,NA,NA,NA,1,NA,NA,NA,1,NA,NA,NA,1,NA,NA,NA,1,NA,NA,NA,1,NA,
HALESUS RADIATUS,5376,NA,NA,1,NA,NA,NA,1,NA,NA,NA,1,NA,NA,NA,1,NA,NA,NA,1,NA,NA,NA,1,NA,NA,NA,1,NA,NA,NA,1,NA,NA,NA,1,NA,NA,NA,1,NA,NA,NA,1,NA,
HALESUS SP.,5378,1,NA,NA,NA,1,NA,NA,NA,1,NA,NA,NA,1,NA,NA,NA,1,NA,NA,NA,1,NA,NA,NA,1,NA,NA,NA,1,NA,NA,NA,1,NA,NA,NA,1,NA,NA,NA,1,NA,NA,NA,
HALIPLIDAE GEN. SP. AD.,9536,NA,NA,NA,0,NA,NA,NA,0,NA,NA,NA,0,NA,NA,NA,0,NA,NA,NA,0,NA,NA,NA,0,NA,NA,NA,0,NA,NA,NA,0,NA,NA,NA,0,NA,NA,NA,0,NA,NA,NA,0,
HALIPLUS CONFINIS AD.,12439,NA,NA,0,NA,NA,NA,0,NA,NA,NA,0,NA,NA,NA,0,NA,NA,NA,0,NA,NA,NA,0,NA,NA,NA,0,NA,NA,NA,0,NA,NA,NA,0,NA,NA,NA,0,NA,NA,NA,0,NA,
HALIPLUS FLAVICOLLIS AD.,8291,NA,NA,0,NA,NA,NA,0,NA,NA,NA,0,NA,NA,NA,0,NA,NA,NA,0,NA,NA,NA,0,NA,NA,NA,0,NA,NA,NA,0,NA,NA,NA,0,NA,NA,NA,0,NA,NA,NA,0,NA,
HALIPLUS FLUVIATILIS AD.,12436,NA,NA,0,NA,NA,NA,0,NA,NA,NA,0,NA,NA,NA,0,NA,NA,NA,0,NA,NA,NA,0,NA,NA,NA,0,NA,NA,NA,0,NA,NA,NA,0,NA,NA,NA,0,NA,NA,NA,0,NA,
HALIPLUS LINEOLATUS AD.,12446,NA,NA,0,NA,NA,NA,0,NA,NA,NA,0,NA,NA,NA,0,NA,NA,NA,0,NA,NA,NA,0,NA,NA,NA,0,NA,NA,NA,0,NA,NA,NA,0,NA,NA,NA,0,NA,NA,NA,0,NA,
HALIPLUS RUFICOLLIS AD.,8296,NA,NA,0,NA,NA,NA,0,NA,NA,NA,0,NA,NA,NA,0,NA,NA,NA,0,NA,NA,NA,0,NA,NA,NA,0,NA,NA,NA,0,NA,NA,NA,0,NA,NA,NA,0,NA,NA,NA,0,NA,
HALIPLUS SP. AD.,9537,1,NA,NA,NA,1,NA,NA,NA,1,NA,NA,NA,1,NA,NA,NA,1,NA,NA,NA,1,NA,NA,NA,1,NA,NA,NA,1,NA,NA,NA,1,NA,NA,NA,1,NA,NA,NA,1,NA,NA,NA,
HELOBDELLA STAGNALIS,5413,1,NA,NA,NA,1,NA,NA,NA,1,NA,NA,NA,1,NA,NA,NA,1,NA,NA,NA,1,NA,NA,NA,1,NA,NA,NA,1,NA,NA,NA,1,NA,NA,NA,1,NA,NA,NA,1,NA,NA,NA,
HEMICLEPSIS MARGINATA,5444,1,NA,NA,NA,1,NA,NA,NA,1,NA,NA,NA,1,NA,NA,NA,NA,NA,NA,0,1,NA,NA,NA,1,NA,NA,NA,1,NA,NA,NA,1,NA,NA,NA,1,NA,NA,NA,1,NA,NA,NA,
HEPTAGENIA COERULANS,5449,NA,NA,1,NA,NA,NA,1,NA,NA,NA,1,NA,NA,NA,1,NA,NA,NA,1,NA,NA,NA,1,NA,NA,NA,1,NA,NA,NA,1,NA,NA,NA,1,NA,NA,NA,1,NA,NA,NA,1,NA,
HEPTAGENIA FLAVA,5450,NA,NA,1,NA,NA,NA,1,NA,NA,NA,1,NA,NA,NA,1,NA,NA,NA,1,NA,NA,NA,1,NA,NA,NA,1,NA,NA,NA,1,NA,NA,NA,1,NA,NA,NA,1,NA,NA,NA,1,NA,
HEPTAGENIA LONGICAUDA,5454,NA,NA,1,NA,NA,NA,1,NA,NA,NA,1,NA,NA,NA,1,NA,NA,NA,1,NA,NA,NA,1,NA,NA,NA,1,NA,NA,NA,1,NA,NA,NA,1,NA,NA,NA,1,NA,NA,NA,1,NA,
HEPTAGENIA SP.,5456,1,NA,NA,NA,1,NA,NA,NA,1,NA,NA,NA,1,NA,NA,NA,1,NA,NA,NA,1,NA,NA,NA,1,NA,NA,NA,1,NA,NA,NA,1,NA,NA,NA,1,NA,NA,NA,1,NA,NA,NA,
HEPTAGENIA SULPHUREA,5457,NA,NA,1,NA,NA,NA,1,NA,NA,NA,1,NA,NA,NA,1,NA,NA,NA,1,NA,NA,NA,1,NA,NA,NA,1,NA,NA,NA,1,NA,NA,NA,1,NA,NA,NA,1,NA,NA,NA,1,NA,
HESPEROCORIXA SAHLBERGI,5463,NA,NA,1,NA,NA,NA,1,NA,NA,NA,1,NA,NA,NA,1,NA,NA,NA,1,NA,NA,NA,1,NA,NA,NA,1,NA,NA,NA,1,NA,NA,NA,1,NA,NA,NA,1,NA,NA,NA,1,NA,
HESPEROCORIXA SP.,9014,1,NA,NA,NA,1,NA,NA,NA,1,NA,NA,NA,1,NA,NA,NA,1,NA,NA,NA,1,NA,NA,NA,1,NA,NA,NA,1,NA,NA,NA,1,NA,NA,NA,1,NA,NA,NA,1,NA,NA,NA,
HOLOCENTROPUS DUBIUS,5487,NA,NA,1,NA,NA,NA,1,NA,NA,NA,1,NA,NA,NA,1,NA,NA,NA,1,NA,NA,NA,1,NA,NA,NA,1,NA,NA,NA,1,NA,NA,NA,1,NA,NA,NA,1,NA,NA,NA,1,NA,
HYDATOPHYLAX INFUMATUS,5499,NA,NA,1,NA,NA,NA,1,NA,NA,NA,1,NA,NA,NA,1,NA,NA,NA,1,NA,NA,NA,1,NA,NA,NA,1,NA,NA,NA,1,NA,NA,NA,1,NA,NA,NA,1,NA,NA,NA,1,NA,
HYDRAENA GRACILIS AD.,5514,NA,NA,0,NA,NA,NA,0,NA,NA,NA,0,NA,NA,NA,0,NA,NA,NA,0,NA,NA,NA,0,NA,NA,NA,0,NA,NA,NA,0,NA,NA,NA,0,NA,NA,NA,0,NA,NA,NA,0,NA,
HYDRAENA SP. AD.,5531,1,NA,NA,NA,1,NA,NA,NA,1,NA,NA,NA,1,NA,NA,NA,1,NA,NA,NA,1,NA,NA,NA,1,NA,NA,NA,1,NA,NA,NA,1,NA,NA,NA,1,NA,NA,NA,1,NA,NA,NA,
HYDRAENIDAE GEN. SP. AD.,7738,NA,NA,NA,0,NA,NA,NA,0,NA,NA,NA,0,NA,NA,NA,0,NA,NA,NA,0,NA,NA,NA,0,NA,NA,NA,0,NA,NA,NA,0,NA,NA,NA,0,NA,NA,NA,0,NA,NA,NA,0,
HYDROCHUS SP. AD.,12950,1,NA,NA,NA,1,NA,NA,NA,1,NA,NA,NA,1,NA,NA,NA,1,NA,NA,NA,1,NA,NA,NA,1,NA,NA,NA,1,NA,NA,NA,1,NA,NA,NA,1,NA,NA,NA,1,NA,NA,NA,
HYDROPHILIDAE GEN. SP. AD.,12984,NA,NA,NA,0,NA,NA,NA,0,NA,NA,NA,0,NA,NA,NA,0,NA,NA,NA,0,NA,NA,NA,0,NA,NA,NA,0,NA,NA,NA,0,NA,NA,NA,0,NA,NA,NA,0,NA,NA,NA,0,
HYDROPSYCHE ANGUSTIPENNIS SSP.,21230,NA,NA,1,NA,NA,NA,1,NA,NA,NA,1,NA,NA,NA,1,NA,NA,NA,1,NA,NA,NA,1,NA,NA,NA,1,NA,NA,NA,1,NA,NA,NA,1,NA,NA,NA,1,NA,NA,NA,1,NA,
HYDROPSYCHE CONTUBERNALIS SSP.,5592,NA,NA,1,NA,NA,NA,1,NA,NA,NA,1,NA,NA,NA,1,NA,NA,NA,1,NA,NA,NA,1,NA,NA,NA,1,NA,NA,NA,1,NA,NA,NA,1,NA,NA,NA,1,NA,NA,NA,1,NA,
HYDROPSYCHE PELLUCIDULA,5601,NA,NA,1,NA,NA,NA,1,NA,NA,NA,1,NA,NA,NA,1,NA,NA,NA,1,NA,NA,NA,1,NA,NA,NA,1,NA,NA,NA,1,NA,NA,NA,1,NA,NA,NA,1,NA,NA,NA,1,NA,
HYDROPSYCHE SILTALAI,5604,NA,NA,1,NA,NA,NA,1,NA,NA,NA,1,NA,NA,NA,1,NA,NA,NA,1,NA,NA,NA,1,NA,NA,NA,1,NA,NA,NA,1,NA,NA,NA,1,NA,NA,NA,1,NA,NA,NA,1,NA,
HYDROPSYCHE SP.,5605,1,NA,NA,NA,1,NA,NA,NA,1,NA,NA,NA,1,NA,NA,NA,1,NA,NA,NA,1,NA,NA,NA,1,NA,NA,NA,1,NA,NA,NA,1,NA,NA,NA,1,NA,NA,NA,1,NA,NA,NA,
HYDROPSYCHIDAE GEN. SP.,8474,NA,NA,NA,0,NA,NA,NA,0,NA,NA,NA,0,NA,NA,NA,0,NA,NA,NA,0,NA,NA,NA,0,NA,NA,NA,0,NA,NA,NA,0,NA,NA,NA,0,NA,NA,NA,0,NA,NA,NA,0,
HYDROPTILA SP.,5616,1,NA,NA,NA,1,NA,NA,NA,1,NA,NA,NA,1,NA,NA,NA,1,NA,NA,NA,1,NA,NA,NA,1,NA,NA,NA,1,NA,NA,NA,1,NA,NA,NA,1,NA,NA,NA,1,NA,NA,NA,
HYDROPTILA TINEOIDES,5618,NA,NA,1,NA,NA,NA,1,NA,NA,NA,1,NA,NA,NA,1,NA,NA,NA,1,NA,NA,NA,1,NA,NA,NA,1,NA,NA,NA,1,NA,NA,NA,1,NA,NA,NA,1,NA,NA,NA,1,NA,
HYDROPTILIDAE GEN. SP.,7455,NA,NA,NA,0,NA,NA,NA,0,NA,NA,NA,0,NA,NA,NA,0,NA,NA,NA,0,NA,NA,NA,0,NA,NA,NA,0,NA,NA,NA,0,NA,NA,NA,0,NA,NA,NA,0,NA,NA,NA,0,
HYGROTUS INAEQUALIS AD.,11963,NA,NA,0,NA,NA,NA,0,NA,NA,NA,0,NA,NA,NA,0,NA,NA,NA,0,NA,NA,NA,0,NA,NA,NA,0,NA,NA,NA,0,NA,NA,NA,0,NA,NA,NA,0,NA,NA,NA,0,NA,
HYPHYDRUS OVATUS AD.,11973,NA,NA,0,NA,NA,NA,0,NA,NA,NA,0,NA,NA,NA,0,NA,NA,NA,0,NA,NA,NA,0,NA,NA,NA,0,NA,NA,NA,0,NA,NA,NA,0,NA,NA,NA,0,NA,NA,NA,0,NA,
ILYBIUS SP. AD.,11733,1,NA,NA,NA,1,NA,NA,NA,1,NA,NA,NA,1,NA,NA,NA,1,NA,NA,NA,1,NA,NA,NA,1,NA,NA,NA,1,NA,NA,NA,1,NA,NA,NA,1,NA,NA,NA,1,NA,NA,NA,
ILYOCORIS CIMICOIDES SSP.,19346,NA,0,NA,NA,NA,0,NA,NA,NA,0,NA,NA,NA,0,NA,NA,NA,0,NA,NA,NA,0,NA,NA,NA,0,NA,NA,NA,0,NA,NA,NA,0,NA,NA,NA,0,NA,NA,NA,0,NA,NA,
ISCHNURA ELEGANS,5658,NA,NA,1,NA,NA,NA,1,NA,NA,NA,1,NA,NA,NA,1,NA,NA,NA,1,NA,NA,NA,1,NA,NA,NA,1,NA,NA,NA,1,NA,NA,NA,1,NA,NA,NA,1,NA,NA,NA,1,NA,
ISCHNURA PUMILIO,5659,NA,NA,1,NA,NA,NA,1,NA,NA,NA,1,NA,NA,NA,1,NA,NA,NA,1,NA,NA,NA,1,NA,NA,NA,1,NA,NA,NA,1,NA,NA,NA,1,NA,NA,NA,1,NA,NA,NA,1,NA,
ISCHNURA SP.,9045,1,NA,NA,NA,1,NA,NA,NA,1,NA,NA,NA,1,NA,NA,NA,1,NA,NA,NA,1,NA,NA,NA,1,NA,NA,NA,1,NA,NA,NA,1,NA,NA,NA,1,NA,NA,NA,1,NA,NA,NA,
ISOGENUS NUBECULA,5660,1,NA,NA,NA,1,NA,NA,NA,1,NA,NA,NA,1,NA,NA,NA,1,NA,NA,NA,1,NA,NA,NA,1,NA,NA,NA,1,NA,NA,NA,1,NA,NA,NA,1,NA,NA,NA,1,NA,NA,NA,
ISOPERLA DIFFORMIS,5665,NA,NA,1,NA,NA,NA,1,NA,NA,NA,1,NA,NA,NA,1,NA,NA,NA,1,NA,NA,NA,1,NA,NA,NA,1,NA,NA,NA,1,NA,NA,NA,1,NA,NA,NA,1,NA,NA,NA,1,NA,
ISOPERLA GRAMMATICA,5667,NA,NA,1,NA,NA,NA,1,NA,NA,NA,1,NA,NA,NA,1,NA,NA,NA,1,NA,NA,NA,1,NA,NA,NA,1,NA,NA,NA,1,NA,NA,NA,1,NA,NA,NA,1,NA,NA,NA,1,NA,
ISOPERLA OBSCURA,5669,NA,NA,1,NA,NA,NA,1,NA,NA,NA,1,NA,NA,NA,1,NA,NA,NA,1,NA,NA,NA,1,NA,NA,NA,1,NA,NA,NA,1,NA,NA,NA,1,NA,NA,NA,1,NA,NA,NA,1,NA,
ISOPERLA SP.,5673,1,NA,NA,NA,1,NA,NA,NA,1,NA,NA,NA,1,NA,NA,NA,1,NA,NA,NA,1,NA,NA,NA,1,NA,NA,NA,1,NA,NA,NA,1,NA,NA,NA,1,NA,NA,NA,1,NA,NA,NA,
ISOPTENA SERRICORNIS,5676,1,NA,NA,NA,1,NA,NA,NA,1,NA,NA,NA,1,NA,NA,NA,1,NA,NA,NA,1,NA,NA,NA,1,NA,NA,NA,1,NA,NA,NA,1,NA,NA,NA,1,NA,NA,NA,1,NA,NA,NA,
ITHYTRICHIA LAMELLARIS,5677,NA,NA,1,NA,NA,NA,1,NA,NA,NA,1,NA,NA,NA,1,NA,NA,NA,1,NA,NA,NA,1,NA,NA,NA,1,NA,NA,NA,1,NA,NA,NA,1,NA,NA,NA,1,NA,NA,NA,1,NA,
KAGERONIA FUSCOGRISEA,5452,NA,NA,NA,0,NA,NA,NA,0,NA,NA,NA,0,NA,NA,NA,0,NA,NA,NA,0,NA,NA,NA,0,NA,NA,NA,0,NA,NA,NA,0,NA,NA,NA,0,NA,NA,NA,0,NA,NA,NA,0,
LACCOBIUS SP. AD.,9586,1,NA,NA,NA,1,NA,NA,NA,1,NA,NA,NA,1,NA,NA,NA,1,NA,NA,NA,1,NA,NA,NA,1,NA,NA,NA,1,NA,NA,NA,1,NA,NA,NA,1,NA,NA,NA,1,NA,NA,NA,
LACCOPHILUS HYALINUS AD.,12051,NA,NA,0,NA,NA,NA,0,NA,NA,NA,0,NA,NA,NA,0,NA,NA,NA,0,NA,NA,NA,0,NA,NA,NA,0,NA,NA,NA,0,NA,NA,NA,0,NA,NA,NA,0,NA,NA,NA,0,NA,
LACCOPHILUS SP. AD.,12053,1,NA,NA,NA,1,NA,NA,NA,1,NA,NA,NA,1,NA,NA,NA,1,NA,NA,NA,1,NA,NA,NA,1,NA,NA,NA,1,NA,NA,NA,1,NA,NA,NA,1,NA,NA,NA,1,NA,NA,NA,
LEPIDOSTOMA BASALE,5713,1,NA,NA,NA,1,NA,NA,NA,1,NA,NA,NA,1,NA,NA,NA,1,NA,NA,NA,1,NA,NA,NA,1,NA,NA,NA,1,NA,NA,NA,1,NA,NA,NA,NA,NA,0,NA,1,NA,NA,NA,
LEPIDOSTOMA HIRTUM,5723,1,NA,NA,NA,1,NA,NA,NA,1,NA,NA,NA,1,NA,NA,NA,1,NA,NA,NA,1,NA,NA,NA,1,NA,NA,NA,1,NA,NA,NA,1,NA,NA,NA,1,NA,NA,NA,1,NA,NA,NA,
LEPTOCERIDAE GEN. SP.,5726,NA,NA,NA,0,NA,NA,NA,0,NA,NA,NA,0,NA,NA,NA,0,NA,NA,NA,0,NA,NA,NA,0,NA,NA,NA,0,NA,NA,NA,0,NA,NA,NA,0,NA,NA,NA,0,NA,NA,NA,0,
LEPTOCERUS INTERRUPTUS,5727,NA,NA,1,NA,NA,NA,1,NA,NA,NA,1,NA,NA,NA,1,NA,NA,NA,1,NA,NA,NA,1,NA,NA,NA,1,NA,NA,NA,1,NA,NA,NA,1,NA,NA,NA,1,NA,NA,NA,1,NA,
LEPTOCERUS SP.,9060,1,NA,NA,NA,1,NA,NA,NA,1,NA,NA,NA,1,NA,NA,NA,1,NA,NA,NA,1,NA,NA,NA,1,NA,NA,NA,1,NA,NA,NA,1,NA,NA,NA,1,NA,NA,NA,1,NA,NA,NA,
LEPTOCERUS TINEIFORMIS,5728,NA,NA,1,NA,NA,NA,1,NA,NA,NA,1,NA,NA,NA,1,NA,NA,NA,1,NA,NA,NA,1,NA,NA,NA,1,NA,NA,NA,1,NA,NA,NA,1,NA,NA,NA,1,NA,NA,NA,1,NA,
LEPTOPHLEBIA MARGINATA,5730,NA,NA,1,NA,NA,NA,1,NA,NA,NA,1,NA,NA,NA,1,NA,NA,NA,1,NA,NA,NA,1,NA,NA,NA,1,NA,NA,NA,1,NA,NA,NA,1,NA,NA,NA,1,NA,NA,NA,1,NA,
LEPTOPHLEBIA SP.,5731,1,NA,NA,NA,1,NA,NA,NA,1,NA,NA,NA,1,NA,NA,NA,1,NA,NA,NA,1,NA,NA,NA,1,NA,NA,NA,1,NA,NA,NA,1,NA,NA,NA,1,NA,NA,NA,1,NA,NA,NA,
LEPTOPHLEBIA VESPERTINA,5732,NA,NA,1,NA,NA,NA,1,NA,NA,NA,1,NA,NA,NA,1,NA,NA,NA,1,NA,NA,NA,1,NA,NA,NA,1,NA,NA,NA,1,NA,NA,NA,1,NA,NA,NA,1,NA,NA,NA,1,NA,
LEPTOPHLEBIIDAE GEN. SP.,7201,NA,NA,NA,0,NA,NA,NA,0,NA,NA,NA,0,NA,NA,NA,0,NA,NA,NA,0,NA,NA,NA,0,NA,NA,NA,0,NA,NA,NA,0,NA,NA,NA,0,NA,NA,NA,0,NA,NA,NA,0,
LESTES SP.,5736,1,NA,NA,NA,1,NA,NA,NA,1,NA,NA,NA,1,NA,NA,NA,1,NA,NA,NA,1,NA,NA,NA,1,NA,NA,NA,1,NA,NA,NA,1,NA,NA,NA,1,NA,NA,NA,1,NA,NA,NA,
LESTIDAE GEN. SP.,5739,NA,NA,NA,0,NA,NA,NA,0,NA,NA,NA,0,NA,NA,NA,0,NA,NA,NA,0,NA,NA,NA,0,NA,NA,NA,0,NA,NA,NA,0,NA,NA,NA,0,NA,NA,NA,0,NA,NA,NA,0,
LEUCTRA DIGITATA,5760,NA,NA,1,NA,NA,NA,1,NA,NA,NA,1,NA,NA,NA,1,NA,NA,NA,1,NA,NA,NA,1,NA,NA,NA,1,NA,NA,NA,1,NA,NA,NA,1,NA,NA,NA,1,NA,NA,NA,1,NA,
LEUCTRA FUSCA SSP.,21323,NA,NA,1,NA,NA,NA,1,NA,NA,NA,1,NA,NA,NA,1,NA,NA,NA,1,NA,NA,NA,1,NA,NA,NA,1,NA,NA,NA,1,NA,NA,NA,1,NA,NA,NA,1,NA,NA,NA,1,NA,
LEUCTRA HIPPOPUS,5768,NA,NA,1,NA,NA,NA,1,NA,NA,NA,1,NA,NA,NA,1,NA,NA,NA,1,NA,NA,NA,1,NA,NA,NA,1,NA,NA,NA,1,NA,NA,NA,1,NA,NA,NA,1,NA,NA,NA,1,NA,
LEUCTRA NIGRA,5779,NA,NA,1,NA,NA,NA,1,NA,NA,NA,1,NA,NA,NA,1,NA,NA,NA,1,NA,NA,NA,1,NA,NA,NA,1,NA,NA,NA,1,NA,NA,NA,1,NA,NA,NA,1,NA,NA,NA,1,NA,
LEUCTRA SP.,5790,1,NA,NA,NA,1,NA,NA,NA,1,NA,NA,NA,1,NA,NA,NA,1,NA,NA,NA,1,NA,NA,NA,1,NA,NA,NA,1,NA,NA,NA,1,NA,NA,NA,1,NA,NA,NA,1,NA,NA,NA,
LIBELLULA QUADRIMACULATA,5797,NA,NA,1,NA,NA,NA,1,NA,NA,NA,1,NA,NA,NA,1,NA,NA,NA,1,NA,NA,NA,1,NA,NA,NA,1,NA,NA,NA,1,NA,NA,NA,1,NA,NA,NA,1,NA,NA,NA,1,NA,
LIBELLULA SP.,9066,1,NA,NA,NA,1,NA,NA,NA,1,NA,NA,NA,1,NA,NA,NA,1,NA,NA,NA,1,NA,NA,NA,1,NA,NA,NA,1,NA,NA,NA,1,NA,NA,NA,1,NA,NA,NA,1,NA,NA,NA,
LIMNEPHILIDAE GEN. SP.,5809,NA,NA,NA,0,NA,NA,NA,0,NA,NA,NA,0,NA,NA,NA,0,NA,NA,NA,0,NA,NA,NA,0,NA,NA,NA,0,NA,NA,NA,0,NA,NA,NA,0,NA,NA,NA,0,NA,NA,NA,0,
LIMNEPHILUS AFFINIS,5815,NA,NA,NA,0,NA,NA,1,NA,NA,NA,NA,0,NA,NA,NA,0,NA,NA,1,NA,NA,NA,NA,0,NA,NA,1,NA,NA,NA,1,NA,NA,NA,NA,0,NA,NA,NA,0,NA,NA,NA,0,
LIMNEPHILUS BINOTATUS,5818,NA,NA,NA,0,NA,NA,1,NA,NA,NA,NA,0,NA,NA,NA,0,NA,NA,1,NA,NA,NA,NA,0,NA,NA,1,NA,NA,NA,1,NA,NA,NA,NA,0,NA,NA,NA,0,NA,NA,NA,0,
LIMNEPHILUS BIPUNCTATUS,5819,NA,NA,NA,0,NA,NA,1,NA,NA,NA,NA,0,NA,NA,NA,0,NA,NA,1,NA,NA,NA,NA,0,NA,NA,1,NA,NA,NA,1,NA,NA,NA,NA,0,NA,NA,NA,0,NA,NA,NA,0,
LIMNEPHILUS BOREALIS,5820,NA,NA,NA,0,NA,NA,1,NA,NA,NA,NA,0,NA,NA,NA,0,NA,NA,1,NA,NA,NA,NA,0,NA,NA,1,NA,NA,NA,1,NA,NA,NA,NA,0,NA,NA,NA,0,NA,NA,NA,0,
LIMNEPHILUS DECIPIENS,5824,NA,NA,NA,0,NA,NA,1,NA,NA,NA,NA,0,NA,NA,NA,0,NA,NA,1,NA,NA,NA,NA,0,NA,NA,1,NA,NA,NA,1,NA,NA,NA,NA,0,NA,NA,NA,0,NA,NA,NA,0,
LIMNEPHILUS FLAVICORNIS,5827,NA,NA,NA,0,NA,NA,1,NA,NA,NA,NA,0,NA,NA,NA,0,NA,NA,1,NA,NA,NA,NA,0,NA,NA,1,NA,NA,NA,1,NA,NA,NA,NA,0,NA,NA,NA,0,NA,NA,NA,0,
LIMNEPHILUS FUSCICORNIS,5828,NA,NA,NA,0,NA,NA,1,NA,NA,NA,NA,0,NA,NA,NA,0,NA,NA,1,NA,NA,NA,NA,0,NA,NA,1,NA,NA,NA,1,NA,NA,NA,NA,0,NA,NA,NA,0,NA,NA,NA,0,
LIMNEPHILUS LUNATUS,5837,NA,NA,NA,0,NA,NA,1,NA,NA,NA,NA,0,NA,NA,NA,0,NA,NA,1,NA,NA,NA,NA,0,NA,NA,1,NA,NA,NA,1,NA,NA,NA,NA,0,NA,NA,NA,0,NA,NA,NA,0,
LIMNEPHILUS POLITUS,5840,NA,NA,NA,0,NA,NA,1,NA,NA,NA,NA,0,NA,NA,NA,0,NA,NA,1,NA,NA,NA,NA,0,NA,NA,1,NA,NA,NA,1,NA,NA,NA,NA,0,NA,NA,NA,0,NA,NA,NA,0,
LIMNEPHILUS RHOMBICUS SSP.,19351,NA,NA,NA,0,NA,NA,1,NA,NA,NA,NA,0,NA,NA,NA,0,NA,NA,1,NA,NA,NA,NA,0,NA,NA,1,NA,NA,NA,1,NA,NA,NA,NA,0,NA,NA,NA,0,NA,NA,NA,0,
LIMNEPHILUS SP.,5844,NA,NA,NA,0,1,NA,NA,NA,NA,NA,NA,0,NA,NA,NA,0,1,NA,NA,NA,NA,NA,NA,0,1,NA,NA,NA,1,NA,NA,NA,NA,NA,NA,0,NA,NA,NA,0,NA,NA,NA,0,
LIMNEPHILUS STIGMA,5845,NA,NA,NA,0,NA,NA,1,NA,NA,NA,NA,0,NA,NA,NA,0,NA,NA,1,NA,NA,NA,NA,0,NA,NA,1,NA,NA,NA,1,NA,NA,NA,NA,0,NA,NA,NA,0,NA,NA,NA,0,
LIMNEPHILUS VITTATUS,5847,NA,NA,NA,0,NA,NA,1,NA,NA,NA,NA,0,NA,NA,NA,0,NA,NA,1,NA,NA,NA,NA,0,NA,NA,1,NA,NA,NA,1,NA,NA,NA,NA,0,NA,NA,NA,0,NA,NA,NA,0,
LIMNIUS SP. AD.,12093,1,NA,NA,NA,1,NA,NA,NA,1,NA,NA,NA,1,NA,NA,NA,1,NA,NA,NA,1,NA,NA,NA,1,NA,NA,NA,1,NA,NA,NA,1,NA,NA,NA,1,NA,NA,NA,1,NA,NA,NA,
LIMNIUS VOLCKMARI AD.,12094,NA,NA,0,NA,NA,NA,0,NA,NA,NA,0,NA,NA,NA,0,NA,NA,NA,0,NA,NA,NA,0,NA,NA,NA,0,NA,NA,NA,0,NA,NA,NA,0,NA,NA,NA,0,NA,NA,NA,0,NA,
LIMNOMYSIS BENEDENI,8730,1,NA,NA,NA,1,NA,NA,NA,1,NA,NA,NA,1,NA,NA,NA,1,NA,NA,NA,1,NA,NA,NA,1,NA,NA,NA,1,NA,NA,NA,1,NA,NA,NA,NA,NA,NA,NA,1,NA,NA,NA,
LIMONIIDAE GEN. SP.,8483,NA,NA,NA,0,NA,NA,NA,0,NA,NA,NA,0,NA,NA,NA,0,NA,NA,NA,0,NA,NA,NA,0,NA,NA,NA,0,NA,NA,NA,0,NA,NA,NA,0,NA,NA,NA,0,NA,NA,NA,0,
LITHAX OBSCURUS,5894,NA,NA,1,NA,NA,NA,1,NA,NA,NA,1,NA,NA,NA,1,NA,NA,NA,1,NA,NA,NA,1,NA,NA,NA,1,NA,NA,NA,NA,0,NA,NA,1,NA,NA,NA,NA,0,NA,NA,1,NA,
LITHOGLYPHUS NATICOIDES,5896,1,NA,NA,NA,1,NA,NA,NA,1,NA,NA,NA,1,NA,NA,NA,1,NA,NA,NA,1,NA,NA,NA,1,NA,NA,NA,1,NA,NA,NA,1,NA,NA,NA,1,NA,NA,NA,1,NA,NA,NA,
LUMBRICULUS SP.,5906,NA,NA,NA,0,NA,NA,NA,0,NA,NA,NA,0,NA,NA,NA,0,NA,NA,NA,0,NA,NA,NA,0,NA,NA,NA,0,NA,NA,NA,0,NA,NA,NA,0,NA,NA,NA,0,NA,NA,NA,0,
LUMBRICULUS VARIEGATUS,5907,NA,NA,NA,0,NA,NA,NA,0,NA,NA,NA,0,NA,NA,NA,0,NA,NA,NA,0,NA,NA,NA,0,NA,NA,NA,0,NA,NA,NA,0,NA,NA,NA,0,NA,NA,NA,0,NA,NA,NA,0,
LYMNAEA SP.,5919,NA,NA,0,NA,1,NA,NA,NA,NA,NA,0,NA,NA,NA,0,NA,1,NA,NA,NA,NA,NA,0,NA,1,NA,NA,NA,1,NA,NA,NA,NA,NA,0,NA,NA,NA,0,NA,NA,NA,0,NA,
LYMNAEA STAGNALIS,5916,1,NA,NA,NA,1,NA,NA,NA,1,NA,NA,NA,1,NA,NA,NA,1,NA,NA,NA,1,NA,NA,NA,1,NA,NA,NA,1,NA,NA,NA,1,NA,NA,NA,1,NA,NA,NA,1,NA,NA,NA,
LYMNAEIDAE GEN. SP.,8428,NA,NA,NA,0,NA,NA,NA,0,NA,NA,NA,0,NA,NA,NA,0,NA,NA,NA,0,NA,NA,NA,0,NA,NA,NA,0,NA,NA,NA,0,NA,NA,NA,0,NA,NA,NA,0,NA,NA,NA,0,
LYPE REDUCTA,5921,NA,NA,1,NA,NA,NA,1,NA,NA,NA,1,NA,NA,NA,1,NA,NA,NA,1,NA,NA,NA,1,NA,NA,NA,1,NA,NA,NA,1,NA,NA,NA,1,NA,NA,NA,1,NA,NA,NA,1,NA,
MESOVELIA FURCATA,5966,NA,NA,1,NA,NA,NA,1,NA,NA,NA,1,NA,NA,NA,1,NA,NA,NA,1,NA,NA,NA,1,NA,NA,NA,1,NA,NA,NA,1,NA,NA,NA,1,NA,NA,NA,1,NA,NA,NA,1,NA,
MICRASEMA SETIFERUM SSP.,19358,NA,NA,1,NA,NA,NA,1,NA,NA,NA,1,NA,NA,NA,1,NA,NA,NA,1,NA,NA,NA,1,NA,NA,NA,1,NA,NA,NA,1,NA,NA,NA,1,NA,NA,NA,1,NA,NA,NA,1,NA,
MICRASEMA SP.,5986,1,NA,NA,NA,1,NA,NA,NA,1,NA,NA,NA,1,NA,NA,NA,1,NA,NA,NA,1,NA,NA,NA,1,NA,NA,NA,1,NA,NA,NA,1,NA,NA,NA,1,NA,NA,NA,1,NA,NA,NA,
MICRONECTA MINUTISSIMA,10344,NA,NA,1,NA,NA,NA,1,NA,NA,NA,1,NA,NA,NA,1,NA,NA,NA,1,NA,NA,NA,1,NA,NA,NA,1,NA,NA,NA,1,NA,NA,NA,1,NA,NA,NA,1,NA,NA,NA,1,NA,
MICRONECTA SP.,6002,1,NA,NA,NA,1,NA,NA,NA,1,NA,NA,NA,1,NA,NA,NA,1,NA,NA,NA,1,NA,NA,NA,1,NA,NA,NA,1,NA,NA,NA,1,NA,NA,NA,1,NA,NA,NA,1,NA,NA,NA,
MICROPTERNA LATERALIS,6021,NA,NA,NA,0,NA,NA,1,NA,NA,NA,NA,0,NA,NA,NA,0,NA,NA,1,NA,NA,NA,NA,0,NA,NA,1,NA,NA,NA,1,NA,NA,NA,NA,0,NA,NA,NA,0,NA,NA,NA,0,
MICROPTERNA SEQUAX,6023,NA,NA,NA,0,NA,NA,1,NA,NA,NA,NA,0,NA,NA,NA,0,NA,NA,1,NA,NA,NA,NA,0,NA,NA,1,NA,NA,NA,1,NA,NA,NA,NA,0,NA,NA,NA,0,NA,NA,NA,0,
MICROTENDIPES CHLORIS,6030,NA,NA,NA,0,NA,NA,NA,0,NA,NA,NA,0,NA,NA,NA,0,NA,NA,NA,0,NA,NA,NA,0,NA,NA,NA,0,NA,NA,NA,0,NA,NA,NA,0,NA,NA,NA,0,NA,NA,NA,0,
MICROVELIA SP.,9090,1,NA,NA,NA,1,NA,NA,NA,1,NA,NA,NA,1,NA,NA,NA,1,NA,NA,NA,1,NA,NA,NA,1,NA,NA,NA,1,NA,NA,NA,1,NA,NA,NA,1,NA,NA,NA,1,NA,NA,NA,
MOLANNA ANGUSTATA,6045,NA,NA,1,NA,NA,NA,1,NA,NA,NA,1,NA,NA,NA,1,NA,NA,NA,1,NA,NA,NA,1,NA,NA,NA,1,NA,NA,NA,1,NA,NA,NA,NA,NA,NA,NA,NA,NA,NA,NA,1,NA,
MOLANNA SP.,9091,1,NA,NA,NA,1,NA,NA,NA,1,NA,NA,NA,1,NA,NA,NA,1,NA,NA,NA,1,NA,NA,NA,1,NA,NA,NA,1,NA,NA,NA,NA,NA,NA,NA,NA,NA,NA,NA,1,NA,NA,NA,
MUSCIDAE GEN. SP.,8659,1,NA,NA,NA,1,NA,NA,NA,1,NA,NA,NA,1,NA,NA,NA,1,NA,NA,NA,1,NA,NA,NA,1,NA,NA,NA,1,NA,NA,NA,1,NA,NA,NA,1,NA,NA,NA,1,NA,NA,NA,
MUSCULIUM LACUSTRE,7966,NA,NA,1,NA,NA,NA,1,NA,NA,NA,1,NA,NA,NA,1,NA,NA,NA,1,NA,NA,NA,1,NA,NA,NA,1,NA,NA,NA,1,NA,NA,NA,1,NA,NA,NA,1,NA,NA,NA,1,NA,
MYSIDAE GEN. SP.,9278,NA,NA,NA,0,NA,NA,NA,0,NA,NA,NA,0,NA,NA,NA,0,NA,NA,NA,0,NA,NA,NA,0,NA,NA,NA,0,NA,NA,NA,0,NA,NA,NA,0,NA,NA,NA,NA,NA,NA,NA,0,
MYSTACIDES AZUREA,6062,NA,NA,1,NA,NA,NA,1,NA,NA,NA,1,NA,NA,NA,1,NA,NA,NA,1,NA,NA,NA,1,NA,NA,NA,1,NA,NA,NA,1,NA,NA,NA,1,NA,NA,NA,1,NA,NA,NA,1,NA,
MYSTACIDES LONGICORNIS,6063,NA,NA,1,NA,NA,NA,1,NA,NA,NA,1,NA,NA,NA,1,NA,NA,NA,1,NA,NA,NA,1,NA,NA,NA,1,NA,NA,NA,1,NA,NA,NA,1,NA,NA,NA,1,NA,NA,NA,1,NA,
MYSTACIDES NIGRA,6064,NA,NA,1,NA,NA,NA,1,NA,NA,NA,1,NA,NA,NA,1,NA,NA,NA,1,NA,NA,NA,1,NA,NA,NA,1,NA,NA,NA,1,NA,NA,NA,1,NA,NA,NA,1,NA,NA,NA,1,NA,
MYSTACIDES SP.,6065,1,NA,NA,NA,1,NA,NA,NA,1,NA,NA,NA,1,NA,NA,NA,1,NA,NA,NA,1,NA,NA,NA,1,NA,NA,NA,1,NA,NA,NA,1,NA,NA,NA,1,NA,NA,NA,1,NA,NA,NA,
NEBRIOPORUS DEPRESSUS AD.,11985,NA,NA,0,NA,NA,NA,0,NA,NA,NA,0,NA,NA,NA,0,NA,NA,NA,0,NA,NA,NA,0,NA,NA,NA,0,NA,NA,NA,0,NA,NA,NA,0,NA,NA,NA,0,NA,NA,NA,0,NA,
NEBRIOPORUS SP. AD.,12004,1,NA,NA,NA,1,NA,NA,NA,1,NA,NA,NA,1,NA,NA,NA,1,NA,NA,NA,1,NA,NA,NA,1,NA,NA,NA,1,NA,NA,NA,1,NA,NA,NA,1,NA,NA,NA,1,NA,NA,NA,
NEMOTAULIUS PUNCTATOLINEATUS,6091,1,NA,NA,NA,1,NA,NA,NA,1,NA,NA,NA,1,NA,NA,NA,NA,NA,NA,0,1,NA,NA,NA,1,NA,NA,NA,1,NA,NA,NA,1,NA,NA,NA,1,NA,NA,NA,1,NA,NA,NA,
NEMOURA CINEREA SSP.,21356,NA,NA,1,NA,NA,NA,1,NA,NA,NA,1,NA,NA,NA,1,NA,NA,NA,1,NA,NA,NA,1,NA,NA,NA,1,NA,NA,NA,1,NA,NA,NA,1,NA,NA,NA,1,NA,NA,NA,1,NA,
NEMOURA DUBITANS,6096,NA,NA,1,NA,NA,NA,1,NA,NA,NA,1,NA,NA,NA,1,NA,NA,NA,1,NA,NA,NA,1,NA,NA,NA,1,NA,NA,NA,1,NA,NA,NA,1,NA,NA,NA,1,NA,NA,NA,1,NA,
NEMOURA SP.,6108,1,NA,NA,NA,1,NA,NA,NA,1,NA,NA,NA,1,NA,NA,NA,1,NA,NA,NA,1,NA,NA,NA,1,NA,NA,NA,1,NA,NA,NA,1,NA,NA,NA,1,NA,NA,NA,1,NA,NA,NA,
NEMURELLA PICTETII,6113,1,NA,NA,NA,1,NA,NA,NA,1,NA,NA,NA,1,NA,NA,NA,1,NA,NA,NA,1,NA,NA,NA,1,NA,NA,NA,1,NA,NA,NA,1,NA,NA,NA,1,NA,NA,NA,1,NA,NA,NA,
NEPA CINEREA,6118,NA,NA,1,NA,NA,NA,1,NA,NA,NA,1,NA,NA,NA,1,NA,NA,NA,1,NA,NA,NA,1,NA,NA,NA,1,NA,NA,NA,1,NA,NA,NA,1,NA,NA,NA,1,NA,NA,NA,1,NA,
NEURECLIPSIS BIMACULATA,6122,1,NA,NA,NA,1,NA,NA,NA,1,NA,NA,NA,1,NA,NA,NA,1,NA,NA,NA,1,NA,NA,NA,1,NA,NA,NA,1,NA,NA,NA,1,NA,NA,NA,1,NA,NA,NA,1,NA,NA,NA,
NOTIDOBIA CILIARIS,6134,NA,NA,1,NA,NA,NA,1,NA,NA,NA,1,NA,NA,NA,1,NA,NA,NA,1,NA,NA,NA,1,NA,NA,NA,1,NA,NA,NA,1,NA,NA,NA,1,NA,NA,NA,1,NA,NA,NA,1,NA,
NOTIPHILA RIPARIA,12292,NA,NA,NA,0,NA,NA,NA,0,NA,NA,NA,0,NA,NA,NA,0,NA,NA,NA,0,NA,NA,NA,0,NA,NA,NA,0,NA,NA,NA,0,NA,NA,NA,0,NA,NA,NA,0,NA,NA,NA,0,
NOTONECTA GLAUCA SSP.,19375,NA,NA,1,NA,NA,NA,1,NA,NA,NA,1,NA,NA,NA,1,NA,NA,NA,1,NA,NA,NA,1,NA,NA,NA,1,NA,NA,NA,1,NA,NA,NA,1,NA,NA,NA,1,NA,NA,NA,1,NA,
NOTONECTA LUTEA,6137,NA,NA,1,NA,NA,NA,1,NA,NA,NA,1,NA,NA,NA,1,NA,NA,NA,1,NA,NA,NA,1,NA,NA,NA,1,NA,NA,NA,1,NA,NA,NA,1,NA,NA,NA,1,NA,NA,NA,1,NA,
NOTONECTA SP.,6139,1,NA,NA,NA,1,NA,NA,NA,1,NA,NA,NA,1,NA,NA,NA,1,NA,NA,NA,1,NA,NA,NA,1,NA,NA,NA,1,NA,NA,NA,1,NA,NA,NA,1,NA,NA,NA,1,NA,NA,NA,
OBESOGAMMARUS CRASSUS,21829,NA,NA,NA,0,NA,NA,NA,0,NA,NA,NA,0,NA,NA,NA,0,NA,NA,NA,0,NA,NA,NA,0,NA,NA,NA,0,NA,NA,NA,0,NA,NA,NA,0,NA,NA,NA,0,NA,NA,NA,0,
OCHTHEBIUS SP. AD.,8576,1,NA,NA,NA,1,NA,NA,NA,1,NA,NA,NA,1,NA,NA,NA,1,NA,NA,NA,1,NA,NA,NA,1,NA,NA,NA,1,NA,NA,NA,1,NA,NA,NA,1,NA,NA,NA,1,NA,NA,NA,
ODONTOMYIA SP.,9509,NA,NA,NA,0,NA,NA,NA,0,NA,NA,NA,0,NA,NA,NA,0,NA,NA,NA,0,NA,NA,NA,0,NA,NA,NA,0,NA,NA,NA,0,NA,NA,NA,0,NA,NA,NA,0,NA,NA,NA,0,
OECETIS FURVA,6170,NA,NA,1,NA,NA,NA,1,NA,NA,NA,1,NA,NA,NA,1,NA,NA,NA,1,NA,NA,NA,1,NA,NA,NA,1,NA,NA,NA,1,NA,NA,NA,1,NA,NA,NA,1,NA,NA,NA,1,NA,
OECETIS NOTATA,6172,NA,NA,1,NA,NA,NA,1,NA,NA,NA,1,NA,NA,NA,1,NA,NA,NA,1,NA,NA,NA,1,NA,NA,NA,1,NA,NA,NA,1,NA,NA,NA,1,NA,NA,NA,1,NA,NA,NA,1,NA,
OECETIS OCHRACEA,6173,NA,NA,1,NA,NA,NA,1,NA,NA,NA,1,NA,NA,NA,1,NA,NA,NA,1,NA,NA,NA,1,NA,NA,NA,1,NA,NA,NA,1,NA,NA,NA,1,NA,NA,NA,1,NA,NA,NA,1,NA,
OECETIS SP.,6174,1,NA,NA,NA,1,NA,NA,NA,1,NA,NA,NA,1,NA,NA,NA,1,NA,NA,NA,1,NA,NA,NA,1,NA,NA,NA,1,NA,NA,NA,1,NA,NA,NA,1,NA,NA,NA,1,NA,NA,NA,
OLIGOCHAETA GEN. SP.,8736,1,NA,NA,NA,1,NA,NA,NA,1,NA,NA,NA,1,NA,NA,NA,1,NA,NA,NA,1,NA,NA,NA,1,NA,NA,NA,1,NA,NA,NA,1,NA,NA,NA,1,NA,NA,NA,1,NA,NA,NA,
ONYCHOGOMPHUS FORCIPATUS,6194,NA,NA,1,NA,NA,NA,1,NA,NA,NA,1,NA,NA,NA,1,NA,NA,NA,1,NA,NA,NA,1,NA,NA,NA,1,NA,NA,NA,1,NA,NA,NA,1,NA,NA,NA,1,NA,NA,NA,1,NA,
OPHIOGOMPHUS CECILIA,8175,1,NA,NA,NA,1,NA,NA,NA,1,NA,NA,NA,1,NA,NA,NA,1,NA,NA,NA,1,NA,NA,NA,1,NA,NA,NA,1,NA,NA,NA,1,NA,NA,NA,1,NA,NA,NA,1,NA,NA,NA,
OPLODONTHA VIRIDULA,14144,NA,NA,NA,0,NA,NA,NA,0,NA,NA,NA,0,NA,NA,NA,0,NA,NA,NA,0,NA,NA,NA,0,NA,NA,NA,0,NA,NA,NA,0,NA,NA,NA,0,NA,NA,NA,0,NA,NA,NA,0,
ORCONECTES LIMOSUS,6199,1,NA,NA,NA,1,NA,NA,NA,1,NA,NA,NA,1,NA,NA,NA,1,NA,NA,NA,1,NA,NA,NA,1,NA,NA,NA,1,NA,NA,NA,1,NA,NA,NA,1,NA,NA,NA,1,NA,NA,NA,
ORECTOCHILUS VILLOSUS AD.,12422,1,NA,NA,NA,1,NA,NA,NA,1,NA,NA,NA,1,NA,NA,NA,1,NA,NA,NA,1,NA,NA,NA,1,NA,NA,NA,1,NA,NA,NA,1,NA,NA,NA,1,NA,NA,NA,1,NA,NA,NA,
ORTHETRUM CANCELLATUM,6207,NA,NA,1,NA,NA,NA,1,NA,NA,NA,1,NA,NA,NA,1,NA,NA,NA,1,NA,NA,NA,1,NA,NA,NA,1,NA,NA,NA,1,NA,NA,NA,1,NA,NA,NA,1,NA,NA,NA,1,NA,
ORTHOCLADIINAE GEN. SP.,6208,NA,NA,NA,0,1,NA,NA,NA,NA,NA,NA,0,NA,NA,NA,0,1,NA,NA,NA,NA,NA,NA,0,1,NA,NA,NA,1,NA,NA,NA,NA,NA,NA,0,NA,NA,NA,0,NA,NA,NA,0,
ORTHOTRICHIA COSTALIS,6257,NA,NA,1,NA,NA,NA,1,NA,NA,NA,1,NA,NA,NA,1,NA,NA,NA,1,NA,NA,NA,1,NA,NA,NA,1,NA,NA,NA,1,NA,NA,NA,1,NA,NA,NA,1,NA,NA,NA,1,NA,
OULIMNIUS SP. AD.,12104,1,NA,NA,NA,1,NA,NA,NA,1,NA,NA,NA,1,NA,NA,NA,1,NA,NA,NA,1,NA,NA,NA,1,NA,NA,NA,1,NA,NA,NA,1,NA,NA,NA,1,NA,NA,NA,1,NA,NA,NA,
OULIMNIUS TROGLODYTES AD.,12110,NA,NA,0,NA,NA,NA,0,NA,NA,NA,0,NA,NA,NA,0,NA,NA,NA,0,NA,NA,NA,0,NA,NA,NA,0,NA,NA,NA,0,NA,NA,NA,0,NA,NA,NA,0,NA,NA,NA,0,NA,
OXYCERA SP.,6266,NA,NA,NA,0,NA,NA,NA,0,NA,NA,NA,0,NA,NA,NA,0,NA,NA,NA,0,NA,NA,NA,0,NA,NA,NA,0,NA,NA,NA,0,NA,NA,NA,0,NA,NA,NA,0,NA,NA,NA,0,
OXYETHIRA FLAVICORNIS,6267,NA,NA,1,NA,NA,NA,1,NA,NA,NA,1,NA,NA,NA,1,NA,NA,NA,1,NA,NA,NA,1,NA,NA,NA,1,NA,NA,NA,1,NA,NA,NA,1,NA,NA,NA,1,NA,NA,NA,1,NA,
OXYETHIRA SP.,6268,1,NA,NA,NA,1,NA,NA,NA,1,NA,NA,NA,1,NA,NA,NA,1,NA,NA,NA,1,NA,NA,NA,1,NA,NA,NA,1,NA,NA,NA,1,NA,NA,NA,1,NA,NA,NA,1,NA,NA,NA,
PALPOMYIA SP.,10864,NA,NA,NA,0,NA,NA,NA,0,NA,NA,NA,0,NA,NA,NA,0,NA,NA,NA,0,NA,NA,NA,0,NA,NA,NA,0,NA,NA,NA,0,NA,NA,NA,0,NA,NA,NA,0,NA,NA,NA,0,
PARALEPTOPHLEBIA CINCTA,6307,NA,NA,1,NA,NA,NA,1,NA,NA,NA,1,NA,NA,NA,1,NA,NA,NA,1,NA,NA,NA,1,NA,NA,NA,1,NA,NA,NA,1,NA,NA,NA,1,NA,NA,NA,1,NA,NA,NA,1,NA,
PARALEPTOPHLEBIA SP.,6308,1,NA,NA,NA,1,NA,NA,NA,1,NA,NA,NA,1,NA,NA,NA,1,NA,NA,NA,1,NA,NA,NA,1,NA,NA,NA,1,NA,NA,NA,1,NA,NA,NA,1,NA,NA,NA,1,NA,NA,NA,
PARALEPTOPHLEBIA SUBMARGINATA,6309,NA,NA,1,NA,NA,NA,1,NA,NA,NA,1,NA,NA,NA,1,NA,NA,NA,1,NA,NA,NA,1,NA,NA,NA,1,NA,NA,NA,1,NA,NA,NA,1,NA,NA,NA,1,NA,NA,NA,1,NA,
PARALEPTOPHLEBIA WERNERI,6310,NA,NA,1,NA,NA,NA,1,NA,NA,NA,1,NA,NA,NA,1,NA,NA,NA,1,NA,NA,NA,1,NA,NA,NA,1,NA,NA,NA,1,NA,NA,NA,1,NA,NA,NA,1,NA,NA,NA,1,NA,
MYSIDAE GEN. SP.,9278,NA,NA,NA,0,NA,NA,NA,0,NA,NA,NA,0,NA,NA,NA,0,NA,NA,NA,0,NA,NA,NA,0,NA,NA,NA,0,NA,NA,NA,0,NA,NA,NA,0,NA,NA,NA,NA,NA,NA,NA,0,
PARAPOYNX STRATIOTATA,9461,1,NA,NA,NA,1,NA,NA,NA,1,NA,NA,NA,1,NA,NA,NA,1,NA,NA,NA,1,NA,NA,NA,1,NA,NA,NA,1,NA,NA,NA,1,NA,NA,NA,1,NA,NA,NA,1,NA,NA,NA,
PEDICIA SP.,6354,NA,NA,NA,0,NA,NA,NA,0,NA,NA,NA,0,NA,NA,NA,0,NA,NA,NA,0,NA,NA,NA,0,NA,NA,NA,0,NA,NA,NA,0,NA,NA,NA,0,NA,NA,NA,0,NA,NA,NA,0,
LYMNAEA SP.,5919,NA,NA,0,NA,1,NA,NA,NA,NA,NA,0,NA,NA,NA,0,NA,1,NA,NA,NA,NA,NA,0,NA,1,NA,NA,NA,1,NA,NA,NA,NA,NA,0,NA,NA,NA,0,NA,NA,NA,0,NA,
PERICOMA SP.,6366,NA,NA,NA,0,NA,NA,NA,0,NA,NA,NA,0,NA,NA,NA,0,NA,NA,NA,0,NA,NA,NA,0,NA,NA,NA,0,NA,NA,NA,0,NA,NA,NA,0,NA,NA,NA,0,NA,NA,NA,0,
PERLODES DISPAR,6373,NA,NA,1,NA,NA,NA,1,NA,NA,NA,1,NA,NA,NA,1,NA,NA,NA,1,NA,NA,NA,1,NA,NA,NA,1,NA,NA,NA,1,NA,NA,NA,1,NA,NA,NA,1,NA,NA,NA,1,NA,
PERLODES SP.,6377,1,NA,NA,NA,1,NA,NA,NA,1,NA,NA,NA,1,NA,NA,NA,1,NA,NA,NA,1,NA,NA,NA,1,NA,NA,NA,1,NA,NA,NA,1,NA,NA,NA,1,NA,NA,NA,1,NA,NA,NA,
PHRYGANEA BIPUNCTATA,6391,NA,NA,1,NA,NA,NA,1,NA,NA,NA,1,NA,NA,NA,1,NA,NA,NA,1,NA,NA,NA,1,NA,NA,NA,1,NA,NA,NA,1,NA,NA,NA,1,NA,NA,NA,1,NA,NA,NA,1,NA,
PHRYGANEA GRANDIS SSP.,21217,NA,NA,1,NA,NA,NA,1,NA,NA,NA,1,NA,NA,NA,1,NA,NA,NA,1,NA,NA,NA,1,NA,NA,NA,1,NA,NA,NA,1,NA,NA,NA,1,NA,NA,NA,1,NA,NA,NA,1,NA,
PHYSA FONTINALIS,6395,1,NA,NA,NA,1,NA,NA,NA,1,NA,NA,NA,1,NA,NA,NA,1,NA,NA,NA,1,NA,NA,NA,1,NA,NA,NA,1,NA,NA,NA,1,NA,NA,NA,1,NA,NA,NA,1,NA,NA,NA,
PHYSA SP.,9146,NA,NA,0,NA,1,NA,NA,NA,NA,NA,0,NA,NA,NA,0,NA,1,NA,NA,NA,NA,NA,0,NA,1,NA,NA,NA,1,NA,NA,NA,NA,NA,0,NA,NA,NA,0,NA,NA,NA,0,NA,
PHYSELLA ACUTA,6396,NA,NA,1,NA,NA,NA,1,NA,NA,NA,1,NA,NA,NA,1,NA,NA,NA,1,NA,NA,NA,1,NA,NA,NA,1,NA,NA,NA,1,NA,NA,NA,1,NA,NA,NA,1,NA,NA,NA,1,NA,
PILARIA SP.,6403,NA,NA,NA,0,NA,NA,NA,0,NA,NA,NA,0,NA,NA,NA,0,NA,NA,NA,0,NA,NA,NA,0,NA,NA,NA,0,NA,NA,NA,0,NA,NA,NA,0,NA,NA,NA,0,NA,NA,NA,0,
PISCICOLA GEOMETRA,6408,1,NA,NA,NA,1,NA,NA,NA,1,NA,NA,NA,1,NA,NA,NA,1,NA,NA,NA,1,NA,NA,NA,1,NA,NA,NA,1,NA,NA,NA,1,NA,NA,NA,1,NA,NA,NA,1,NA,NA,NA,
PISIDIUM AMNICUM,6409,NA,NA,1,NA,NA,NA,1,NA,NA,NA,1,NA,NA,NA,1,NA,NA,NA,1,NA,NA,NA,1,NA,NA,NA,1,NA,NA,NA,1,NA,NA,NA,1,NA,NA,NA,1,NA,NA,NA,1,NA,
PISIDIUM CASERTANUM SSP.,19391,NA,NA,1,NA,NA,NA,1,NA,NA,NA,1,NA,NA,NA,1,NA,NA,NA,1,NA,NA,NA,1,NA,NA,NA,1,NA,NA,NA,1,NA,NA,NA,1,NA,NA,NA,1,NA,NA,NA,1,NA,
PISIDIUM HENSLOWANUM,6418,NA,NA,1,NA,NA,NA,1,NA,NA,NA,1,NA,NA,NA,1,NA,NA,NA,1,NA,NA,NA,1,NA,NA,NA,1,NA,NA,NA,1,NA,NA,NA,1,NA,NA,NA,1,NA,NA,NA,1,NA,
PISIDIUM NITIDUM,6421,NA,NA,1,NA,NA,NA,1,NA,NA,NA,1,NA,NA,NA,1,NA,NA,NA,1,NA,NA,NA,1,NA,NA,NA,1,NA,NA,NA,1,NA,NA,NA,1,NA,NA,NA,1,NA,NA,NA,1,NA,
PISIDIUM PULCHELLUM,14105,NA,NA,1,NA,NA,NA,1,NA,NA,NA,1,NA,NA,NA,1,NA,NA,NA,1,NA,NA,NA,1,NA,NA,NA,1,NA,NA,NA,1,NA,NA,NA,1,NA,NA,NA,1,NA,NA,NA,1,NA,
PISIDIUM SP.,6425,1,NA,NA,NA,1,NA,NA,NA,1,NA,NA,NA,1,NA,NA,NA,1,NA,NA,NA,1,NA,NA,NA,1,NA,NA,NA,1,NA,NA,NA,1,NA,NA,NA,1,NA,NA,NA,1,NA,NA,NA,
PISIDIUM SUBTRUNCATUM,6426,NA,NA,1,NA,NA,NA,1,NA,NA,NA,1,NA,NA,NA,1,NA,NA,NA,1,NA,NA,NA,1,NA,NA,NA,1,NA,NA,NA,1,NA,NA,NA,1,NA,NA,NA,1,NA,NA,NA,1,NA,
PISIDIUM SUPINUM,6427,NA,NA,1,NA,NA,NA,1,NA,NA,NA,1,NA,NA,NA,1,NA,NA,NA,1,NA,NA,NA,1,NA,NA,NA,1,NA,NA,NA,1,NA,NA,NA,1,NA,NA,NA,1,NA,NA,NA,1,NA,
PLACOBDELLA COSTATA,8747,1,NA,NA,NA,1,NA,NA,NA,1,NA,NA,NA,1,NA,NA,NA,1,NA,NA,NA,1,NA,NA,NA,1,NA,NA,NA,1,NA,NA,NA,1,NA,NA,NA,1,NA,NA,NA,1,NA,NA,NA,
PLANARIA SP.,6429,1,NA,NA,NA,1,NA,NA,NA,1,NA,NA,NA,1,NA,NA,NA,1,NA,NA,NA,1,NA,NA,NA,1,NA,NA,NA,1,NA,NA,NA,1,NA,NA,NA,1,NA,NA,NA,1,NA,NA,NA,
PLANARIA TORVA,6430,NA,NA,1,NA,NA,NA,1,NA,NA,NA,1,NA,NA,NA,1,NA,NA,NA,1,NA,NA,NA,1,NA,NA,NA,1,NA,NA,NA,1,NA,NA,NA,1,NA,NA,NA,1,NA,NA,NA,1,NA,
PLANORBARIUS CORNEUS,6431,1,NA,NA,NA,1,NA,NA,NA,1,NA,NA,NA,1,NA,NA,NA,1,NA,NA,NA,1,NA,NA,NA,1,NA,NA,NA,1,NA,NA,NA,1,NA,NA,NA,1,NA,NA,NA,1,NA,NA,NA,
PLANORBIDAE GEN. SP.,8748,NA,NA,NA,0,NA,NA,NA,0,NA,NA,NA,0,NA,NA,NA,0,NA,NA,NA,0,NA,NA,NA,0,NA,NA,NA,0,NA,NA,NA,0,NA,NA,NA,0,NA,NA,NA,0,NA,NA,NA,0,
PLANORBIS CARINATUS,6435,NA,NA,1,NA,NA,NA,1,NA,NA,NA,1,NA,NA,NA,1,NA,NA,NA,1,NA,NA,NA,1,NA,NA,NA,1,NA,NA,NA,1,NA,NA,NA,1,NA,NA,NA,1,NA,NA,NA,1,NA,
PLANORBIS PLANORBIS,6436,NA,NA,1,NA,NA,NA,1,NA,NA,NA,1,NA,NA,NA,1,NA,NA,NA,1,NA,NA,NA,1,NA,NA,NA,1,NA,NA,NA,1,NA,NA,NA,1,NA,NA,NA,1,NA,NA,NA,1,NA,
PLANORBIS SP.,9154,1,NA,NA,NA,1,NA,NA,NA,1,NA,NA,NA,1,NA,NA,NA,1,NA,NA,NA,1,NA,NA,NA,1,NA,NA,NA,1,NA,NA,NA,1,NA,NA,NA,1,NA,NA,NA,1,NA,NA,NA,
PLATAMBUS MACULATUS AD.,11746,1,NA,NA,NA,1,NA,NA,NA,1,NA,NA,NA,1,NA,NA,NA,1,NA,NA,NA,1,NA,NA,NA,1,NA,NA,NA,1,NA,NA,NA,1,NA,NA,NA,1,NA,NA,NA,1,NA,NA,NA,
PLATYCNEMIS PENNIPES,6438,NA,NA,1,NA,NA,NA,1,NA,NA,NA,1,NA,NA,NA,1,NA,NA,NA,1,NA,NA,NA,1,NA,NA,NA,1,NA,NA,NA,1,NA,NA,NA,1,NA,NA,NA,1,NA,NA,NA,1,NA,
PLATYCNEMIS SP.,9156,1,NA,NA,NA,1,NA,NA,NA,1,NA,NA,NA,1,NA,NA,NA,1,NA,NA,NA,1,NA,NA,NA,1,NA,NA,NA,1,NA,NA,NA,1,NA,NA,NA,1,NA,NA,NA,1,NA,NA,NA,
PLEA MINUTISSIMA SSP.,19392,NA,0,NA,NA,NA,0,NA,NA,NA,0,NA,NA,NA,0,NA,NA,NA,0,NA,NA,NA,0,NA,NA,NA,0,NA,NA,NA,0,NA,NA,NA,0,NA,NA,NA,0,NA,NA,NA,0,NA,NA,
PLECTROCNEMIA CONSPERSA SSP.,21218,NA,NA,1,NA,NA,NA,1,NA,NA,NA,1,NA,NA,NA,1,NA,NA,NA,1,NA,NA,NA,1,NA,NA,NA,1,NA,NA,NA,1,NA,NA,NA,1,NA,NA,NA,1,NA,NA,NA,1,NA,
PLECTROCNEMIA SP.,6447,1,NA,NA,NA,1,NA,NA,NA,1,NA,NA,NA,1,NA,NA,NA,1,NA,NA,NA,1,NA,NA,NA,1,NA,NA,NA,1,NA,NA,NA,1,NA,NA,NA,1,NA,NA,NA,1,NA,NA,NA,
POLYCENTROPODIDAE GEN. SP.,8478,NA,NA,NA,0,NA,NA,NA,0,NA,NA,NA,0,NA,NA,NA,0,NA,NA,NA,0,NA,NA,NA,0,NA,NA,NA,0,NA,NA,NA,0,NA,NA,NA,0,NA,NA,NA,0,NA,NA,NA,0,
POLYCENTROPUS FLAVOMACULATUS SSP.,21659,NA,NA,1,NA,NA,NA,1,NA,NA,NA,1,NA,NA,NA,1,NA,NA,NA,1,NA,NA,NA,1,NA,NA,NA,1,NA,NA,NA,1,NA,NA,NA,1,NA,NA,NA,1,NA,NA,NA,1,NA,
POLYCENTROPUS IRRORATUS,6469,NA,NA,1,NA,NA,NA,1,NA,NA,NA,1,NA,NA,NA,1,NA,NA,NA,1,NA,NA,NA,1,NA,NA,NA,1,NA,NA,NA,1,NA,NA,NA,1,NA,NA,NA,1,NA,NA,NA,1,NA,
POLYCENTROPUS SP.,6472,1,NA,NA,NA,1,NA,NA,NA,1,NA,NA,NA,1,NA,NA,NA,1,NA,NA,NA,1,NA,NA,NA,1,NA,NA,NA,1,NA,NA,NA,1,NA,NA,NA,1,NA,NA,NA,1,NA,NA,NA,
POLYPEDILUM EXSECTUM,10945,NA,NA,NA,0,NA,NA,NA,0,NA,NA,NA,0,NA,NA,NA,0,NA,NA,NA,0,NA,NA,NA,0,NA,NA,NA,0,NA,NA,NA,0,NA,NA,NA,0,NA,NA,NA,0,NA,NA,NA,0,
POLYPEDILUM SP.,6501,NA,NA,NA,0,NA,NA,NA,0,NA,NA,NA,0,NA,NA,NA,0,NA,NA,NA,0,NA,NA,NA,0,NA,NA,NA,0,NA,NA,NA,0,NA,NA,NA,0,NA,NA,NA,0,NA,NA,NA,0,
PONTOGAMMARUS ROBUSTOIDES,10491,NA,NA,NA,0,NA,NA,NA,0,NA,NA,NA,0,NA,NA,NA,0,NA,NA,NA,0,NA,NA,NA,0,NA,NA,NA,0,NA,NA,NA,0,NA,NA,NA,0,NA,NA,NA,0,NA,NA,NA,0,
POTAMANTHUS LUTEUS,6510,1,NA,NA,NA,1,NA,NA,NA,1,NA,NA,NA,1,NA,NA,NA,1,NA,NA,NA,1,NA,NA,NA,1,NA,NA,NA,1,NA,NA,NA,1,NA,NA,NA,1,NA,NA,NA,1,NA,NA,NA,
POTAMOPHYLAX LATIPENNIS,6522,NA,NA,NA,0,NA,NA,1,NA,NA,NA,NA,0,NA,NA,NA,0,NA,NA,1,NA,NA,NA,NA,0,NA,NA,1,NA,NA,NA,1,NA,NA,NA,NA,0,NA,NA,NA,0,NA,NA,NA,0,
POTAMOPHYLAX ROTUNDIPENNIS,6526,NA,NA,NA,0,NA,NA,1,NA,NA,NA,NA,0,NA,NA,NA,0,NA,NA,1,NA,NA,NA,NA,0,NA,NA,1,NA,NA,NA,1,NA,NA,NA,NA,0,NA,NA,NA,0,NA,NA,NA,0,
POTAMOPHYLAX SP.,6527,NA,NA,NA,0,1,NA,NA,NA,NA,NA,NA,0,NA,NA,NA,0,1,NA,NA,NA,NA,NA,NA,0,1,NA,NA,NA,1,NA,NA,NA,NA,NA,NA,0,NA,NA,NA,0,NA,NA,NA,0,
PROCLADIUS FERRUGINEUS,20063,NA,NA,NA,0,NA,NA,NA,0,NA,NA,NA,0,NA,NA,NA,0,NA,NA,NA,0,NA,NA,NA,0,NA,NA,NA,0,NA,NA,NA,0,NA,NA,NA,0,NA,NA,NA,0,NA,NA,NA,0,
PROCLADIUS SP.,6571,NA,NA,NA,0,NA,NA,NA,0,NA,NA,NA,0,NA,NA,NA,0,NA,NA,NA,0,NA,NA,NA,0,NA,NA,NA,0,NA,NA,NA,0,NA,NA,NA,0,NA,NA,NA,0,NA,NA,NA,0,
PROCLOEON SP.,9167,NA,NA,0,NA,1,NA,NA,NA,NA,NA,0,NA,NA,NA,0,NA,1,NA,NA,NA,NA,NA,0,NA,1,NA,NA,NA,1,NA,NA,NA,NA,NA,0,NA,NA,NA,0,NA,NA,NA,0,NA,
PROTONEMURA SP.,6616,1,NA,NA,NA,1,NA,NA,NA,1,NA,NA,NA,1,NA,NA,NA,1,NA,NA,NA,1,NA,NA,NA,1,NA,NA,NA,1,NA,NA,NA,1,NA,NA,NA,1,NA,NA,NA,1,NA,NA,NA,
PSECTROTANYPUS SP.,8163,NA,NA,NA,0,NA,NA,NA,0,NA,NA,NA,0,NA,NA,NA,0,NA,NA,NA,0,NA,NA,NA,0,NA,NA,NA,0,NA,NA,NA,0,NA,NA,NA,0,NA,NA,NA,0,NA,NA,NA,0,
PSEUDANODONTA COMPLANATA SSP.,19396,NA,NA,1,NA,NA,NA,1,NA,NA,NA,1,NA,NA,NA,1,NA,NA,NA,1,NA,NA,NA,1,NA,NA,NA,1,NA,NA,NA,1,NA,NA,NA,1,NA,NA,NA,1,NA,NA,NA,1,NA,
PSEUDANODONTA SP.,9169,1,NA,NA,NA,1,NA,NA,NA,1,NA,NA,NA,1,NA,NA,NA,1,NA,NA,NA,1,NA,NA,NA,1,NA,NA,NA,1,NA,NA,NA,1,NA,NA,NA,1,NA,NA,NA,1,NA,NA,NA,
PSEUDOCENTROPTILOIDES NANA,10681,NA,NA,NA,0,NA,NA,NA,0,NA,NA,NA,0,NA,NA,NA,0,NA,NA,NA,0,NA,NA,NA,0,NA,NA,1,NA,NA,NA,1,NA,NA,NA,NA,0,NA,NA,NA,0,NA,NA,NA,0,
PSYCHODA PUSILLA,13872,NA,NA,NA,0,NA,NA,NA,0,NA,NA,NA,0,NA,NA,NA,0,NA,NA,NA,0,NA,NA,NA,0,NA,NA,NA,0,NA,NA,NA,0,NA,NA,NA,0,NA,NA,NA,0,NA,NA,NA,0,
PSYCHODA SP.,6658,NA,NA,NA,0,NA,NA,NA,0,NA,NA,NA,0,NA,NA,NA,0,NA,NA,NA,0,NA,NA,NA,0,NA,NA,NA,0,NA,NA,NA,0,NA,NA,NA,0,NA,NA,NA,0,NA,NA,NA,0,
PSYCHODIDAE GEN. SP.,8753,1,NA,NA,NA,1,NA,NA,NA,1,NA,NA,NA,1,NA,NA,NA,1,NA,NA,NA,1,NA,NA,NA,1,NA,NA,NA,1,NA,NA,NA,1,NA,NA,NA,1,NA,NA,NA,1,NA,NA,NA,
PSYCHOMYIA PUSILLA,6661,1,NA,NA,NA,1,NA,NA,NA,1,NA,NA,NA,1,NA,NA,NA,1,NA,NA,NA,1,NA,NA,NA,1,NA,NA,NA,1,NA,NA,NA,1,NA,NA,NA,1,NA,NA,NA,1,NA,NA,NA,
PTYCHOPTERA SP.,7492,NA,NA,NA,0,NA,NA,NA,0,NA,NA,NA,0,NA,NA,NA,0,NA,NA,NA,0,NA,NA,NA,0,NA,NA,NA,0,NA,NA,NA,0,NA,NA,NA,0,NA,NA,NA,0,NA,NA,NA,0,
PYRRHOSOMA NYMPHULA,6667,1,NA,NA,NA,1,NA,NA,NA,1,NA,NA,NA,1,NA,NA,NA,1,NA,NA,NA,1,NA,NA,NA,1,NA,NA,NA,1,NA,NA,NA,1,NA,NA,NA,1,NA,NA,NA,1,NA,NA,NA,
RADIX AURICULARIA,6669,NA,NA,1,NA,NA,NA,1,NA,NA,NA,1,NA,NA,NA,1,NA,NA,NA,1,NA,NA,NA,1,NA,NA,NA,1,NA,NA,NA,1,NA,NA,NA,1,NA,NA,NA,1,NA,NA,NA,1,NA,
RADIX SP.,6673,1,NA,NA,NA,1,NA,NA,NA,1,NA,NA,NA,1,NA,NA,NA,1,NA,NA,NA,1,NA,NA,NA,1,NA,NA,NA,1,NA,NA,NA,1,NA,NA,NA,1,NA,NA,NA,1,NA,NA,NA,
RANATRA LINEARIS,6674,1,NA,NA,NA,1,NA,NA,NA,1,NA,NA,NA,1,NA,NA,NA,1,NA,NA,NA,1,NA,NA,NA,1,NA,NA,NA,1,NA,NA,NA,1,NA,NA,NA,1,NA,NA,NA,1,NA,NA,NA,
RHYACOPHILA FASCIATA SSP.,21233,NA,NA,1,NA,NA,NA,1,NA,NA,NA,1,NA,NA,NA,1,NA,NA,NA,1,NA,NA,NA,1,NA,NA,NA,1,NA,NA,NA,1,NA,NA,NA,1,NA,NA,NA,1,NA,NA,NA,1,NA,
RHYACOPHILA NUBILA,6772,NA,NA,1,NA,NA,NA,1,NA,NA,NA,1,NA,NA,NA,1,NA,NA,NA,1,NA,NA,NA,1,NA,NA,NA,1,NA,NA,NA,1,NA,NA,NA,1,NA,NA,NA,1,NA,NA,NA,1,NA,
RHYACOPHILA PASCOEI,6774,NA,NA,1,NA,NA,NA,1,NA,NA,NA,1,NA,NA,NA,1,NA,NA,NA,1,NA,NA,NA,1,NA,NA,NA,1,NA,NA,NA,1,NA,NA,NA,1,NA,NA,NA,1,NA,NA,NA,1,NA,
RHYACOPHILA SP.,23044,NA,NA,1,NA,NA,NA,1,NA,NA,NA,1,NA,NA,NA,1,NA,NA,NA,1,NA,NA,NA,1,NA,NA,NA,1,NA,NA,NA,1,NA,NA,NA,1,NA,NA,NA,1,NA,NA,NA,1,NA,
SEGMENTINA NITIDA,6812,1,NA,NA,NA,1,NA,NA,NA,1,NA,NA,NA,1,NA,NA,NA,1,NA,NA,NA,1,NA,NA,NA,1,NA,NA,NA,1,NA,NA,NA,1,NA,NA,NA,1,NA,NA,NA,1,NA,NA,NA,
SERGENTIA CORACINA,6814,NA,NA,NA,0,NA,NA,NA,0,NA,NA,NA,0,NA,NA,NA,0,NA,NA,NA,0,NA,NA,NA,0,NA,NA,NA,0,NA,NA,NA,0,NA,NA,NA,0,NA,NA,NA,0,NA,NA,NA,0,
SERICOSTOMA PERSONATUM,6817,NA,NA,1,NA,NA,NA,1,NA,NA,NA,1,NA,NA,NA,1,NA,NA,NA,1,NA,NA,NA,1,NA,NA,NA,1,NA,NA,NA,1,NA,NA,NA,1,NA,NA,NA,1,NA,NA,NA,1,NA,
SERICOSTOMA SP.,6818,1,NA,NA,NA,1,NA,NA,NA,1,NA,NA,NA,1,NA,NA,NA,1,NA,NA,NA,1,NA,NA,NA,1,NA,NA,NA,1,NA,NA,NA,1,NA,NA,NA,1,NA,NA,NA,1,NA,NA,NA,
SERICOSTOMA SP.,6818,1,NA,NA,NA,1,NA,NA,NA,1,NA,NA,NA,1,NA,NA,NA,1,NA,NA,NA,1,NA,NA,NA,1,NA,NA,NA,1,NA,NA,NA,1,NA,NA,NA,1,NA,NA,NA,1,NA,NA,NA,
SERRATELLA IGNITA,5131,NA,NA,1,NA,NA,NA,1,NA,NA,NA,1,NA,NA,NA,1,NA,NA,NA,1,NA,NA,NA,1,NA,NA,NA,1,NA,NA,NA,1,NA,NA,NA,1,NA,NA,NA,1,NA,NA,NA,1,NA,
SIALIS FULIGINOSA,6821,NA,NA,1,NA,NA,NA,1,NA,NA,NA,1,NA,NA,NA,1,NA,NA,NA,1,NA,NA,NA,1,NA,NA,NA,1,NA,NA,NA,1,NA,NA,NA,1,NA,NA,NA,NA,NA,NA,NA,1,NA,
SIALIS LUTARIA,6822,NA,NA,1,NA,NA,NA,1,NA,NA,NA,1,NA,NA,NA,1,NA,NA,NA,1,NA,NA,NA,1,NA,NA,NA,1,NA,NA,NA,1,NA,NA,NA,1,NA,NA,NA,NA,NA,NA,NA,1,NA,
SIALIS SP.,6823,1,NA,NA,NA,1,NA,NA,NA,1,NA,NA,NA,1,NA,NA,NA,1,NA,NA,NA,1,NA,NA,NA,1,NA,NA,NA,1,NA,NA,NA,1,NA,NA,NA,NA,NA,NA,NA,1,NA,NA,NA,
SIGARA FALLENI,6825,NA,NA,1,NA,NA,NA,1,NA,NA,NA,1,NA,NA,NA,1,NA,NA,NA,1,NA,NA,NA,1,NA,NA,NA,1,NA,NA,NA,1,NA,NA,NA,1,NA,NA,NA,1,NA,NA,NA,1,NA,
SIGARA FOSSARUM,8213,NA,NA,1,NA,NA,NA,1,NA,NA,NA,1,NA,NA,NA,1,NA,NA,NA,1,NA,NA,NA,1,NA,NA,NA,1,NA,NA,NA,1,NA,NA,NA,1,NA,NA,NA,1,NA,NA,NA,1,NA,
SIGARA HELLENSII,8214,NA,NA,1,NA,NA,NA,1,NA,NA,NA,1,NA,NA,NA,1,NA,NA,NA,1,NA,NA,NA,1,NA,NA,NA,1,NA,NA,NA,1,NA,NA,NA,1,NA,NA,NA,1,NA,NA,NA,1,NA,
SIGARA SEMISTRIATA,8216,NA,NA,1,NA,NA,NA,1,NA,NA,NA,1,NA,NA,NA,1,NA,NA,NA,1,NA,NA,NA,1,NA,NA,NA,1,NA,NA,NA,1,NA,NA,NA,1,NA,NA,NA,1,NA,NA,NA,1,NA,
SIGARA SP.,6829,1,NA,NA,NA,1,NA,NA,NA,1,NA,NA,NA,1,NA,NA,NA,1,NA,NA,NA,1,NA,NA,NA,1,NA,NA,NA,1,NA,NA,NA,1,NA,NA,NA,1,NA,NA,NA,1,NA,NA,NA,
SIGARA STRIATA,6830,NA,NA,1,NA,NA,NA,1,NA,NA,NA,1,NA,NA,NA,1,NA,NA,NA,1,NA,NA,NA,1,NA,NA,NA,1,NA,NA,NA,1,NA,NA,NA,1,NA,NA,NA,1,NA,NA,NA,1,NA,
SILO PALLIPES,6834,NA,NA,1,NA,NA,NA,1,NA,NA,NA,1,NA,NA,NA,1,NA,NA,NA,1,NA,NA,NA,1,NA,NA,NA,1,NA,NA,NA,1,NA,NA,NA,1,NA,NA,NA,1,NA,NA,NA,1,NA,
SIMULIIDAE GEN. SP.,6842,1,NA,NA,NA,1,NA,NA,NA,1,NA,NA,NA,1,NA,NA,NA,1,NA,NA,NA,1,NA,NA,NA,1,NA,NA,NA,1,NA,NA,NA,1,NA,NA,NA,1,NA,NA,NA,1,NA,NA,NA,
SIMULIUM SP.,6853,NA,NA,NA,0,NA,NA,NA,0,NA,NA,NA,0,NA,NA,NA,0,NA,NA,NA,0,NA,NA,NA,0,NA,NA,NA,0,NA,NA,NA,0,NA,NA,NA,0,NA,NA,NA,0,NA,NA,NA,0,
SOMATOCHLORA FLAVOMACULATA,7436,NA,NA,1,NA,NA,NA,1,NA,NA,NA,1,NA,NA,NA,1,NA,NA,NA,1,NA,NA,NA,1,NA,NA,NA,1,NA,NA,NA,1,NA,NA,NA,1,NA,NA,NA,1,NA,NA,NA,1,NA,
SOMATOCHLORA METALLICA,6878,NA,NA,1,NA,NA,NA,1,NA,NA,NA,1,NA,NA,NA,1,NA,NA,NA,1,NA,NA,NA,1,NA,NA,NA,1,NA,NA,NA,1,NA,NA,NA,1,NA,NA,NA,1,NA,NA,NA,1,NA,
SPHAERIIDAE GEN. SP.,8429,NA,NA,NA,0,NA,NA,NA,0,NA,NA,NA,0,NA,NA,NA,0,NA,NA,NA,0,NA,NA,NA,0,NA,NA,NA,0,NA,NA,NA,0,NA,NA,NA,0,NA,NA,NA,0,NA,NA,NA,0,
SPHAERIUM CORNEUM,6882,NA,NA,1,NA,NA,NA,1,NA,NA,NA,1,NA,NA,NA,1,NA,NA,NA,1,NA,NA,NA,1,NA,NA,NA,1,NA,NA,NA,1,NA,NA,NA,1,NA,NA,NA,1,NA,NA,NA,1,NA,
SPHAERIUM RIVICOLA,6884,NA,NA,1,NA,NA,NA,1,NA,NA,NA,1,NA,NA,NA,1,NA,NA,NA,1,NA,NA,NA,1,NA,NA,NA,1,NA,NA,NA,1,NA,NA,NA,1,NA,NA,NA,1,NA,NA,NA,1,NA,
SPHAERIUM SOLIDUM,6885,NA,NA,1,NA,NA,NA,1,NA,NA,NA,1,NA,NA,NA,1,NA,NA,NA,1,NA,NA,NA,1,NA,NA,NA,1,NA,NA,NA,1,NA,NA,NA,1,NA,NA,NA,1,NA,NA,NA,1,NA,
SPHAERIUM SP.,6886,1,NA,NA,NA,1,NA,NA,NA,1,NA,NA,NA,1,NA,NA,NA,1,NA,NA,NA,1,NA,NA,NA,1,NA,NA,NA,1,NA,NA,NA,1,NA,NA,NA,1,NA,NA,NA,1,NA,NA,NA,
STAGNICOLA CORVUS,6903,NA,NA,1,NA,NA,NA,1,NA,NA,NA,1,NA,NA,NA,1,NA,NA,NA,1,NA,NA,NA,1,NA,NA,NA,1,NA,NA,NA,1,NA,NA,NA,1,NA,NA,NA,1,NA,NA,NA,1,NA,
STAGNICOLA PALUSTRIS,6905,NA,NA,1,NA,NA,NA,1,NA,NA,NA,1,NA,NA,NA,1,NA,NA,NA,1,NA,NA,NA,1,NA,NA,NA,1,NA,NA,NA,1,NA,NA,NA,1,NA,NA,NA,1,NA,NA,NA,1,NA,
STENOPHYLAX PERMISTUS,6911,NA,NA,NA,0,NA,NA,1,NA,NA,NA,NA,0,NA,NA,NA,0,NA,NA,1,NA,NA,NA,NA,0,NA,NA,1,NA,NA,NA,1,NA,NA,NA,NA,0,NA,NA,NA,0,NA,NA,NA,0,
STRATIOMYS SP.,6932,NA,NA,NA,0,NA,NA,NA,0,NA,NA,NA,0,NA,NA,NA,0,NA,NA,NA,0,NA,NA,NA,0,NA,NA,NA,0,NA,NA,NA,0,NA,NA,NA,0,NA,NA,NA,0,NA,NA,NA,0,
STYLARIA LACUSTRIS,6934,1,NA,NA,NA,1,NA,NA,NA,1,NA,NA,NA,1,NA,NA,NA,1,NA,NA,NA,1,NA,NA,NA,1,NA,NA,NA,1,NA,NA,NA,1,NA,NA,NA,1,NA,NA,NA,1,NA,NA,NA,
SYNENDOTENDIPES IMPAR,8055,NA,NA,NA,0,NA,NA,NA,0,NA,NA,NA,0,NA,NA,NA,0,NA,NA,NA,0,NA,NA,NA,0,NA,NA,NA,0,NA,NA,NA,0,NA,NA,NA,0,NA,NA,NA,0,NA,NA,NA,0,
SYNURELLA AMBULANS,6960,NA,NA,NA,0,NA,NA,NA,0,NA,NA,NA,0,NA,NA,NA,0,NA,NA,NA,0,NA,NA,NA,0,NA,NA,NA,0,NA,NA,NA,0,NA,NA,NA,0,NA,NA,NA,0,NA,NA,NA,0,
SYRPHIDAE GEN. SP.,9322,1,NA,NA,NA,1,NA,NA,NA,1,NA,NA,NA,1,NA,NA,NA,NA,NA,NA,NA,1,NA,NA,NA,1,NA,NA,NA,1,NA,NA,NA,1,NA,NA,NA,1,NA,NA,NA,1,NA,NA,NA,
TABANIDAE GEN. SP.,8485,1,NA,NA,NA,1,NA,NA,NA,1,NA,NA,NA,1,NA,NA,NA,1,NA,NA,NA,1,NA,NA,NA,1,NA,NA,NA,1,NA,NA,NA,1,NA,NA,NA,1,NA,NA,NA,1,NA,NA,NA,
TABANUS SP.,6963,NA,NA,NA,0,NA,NA,NA,0,NA,NA,NA,0,NA,NA,NA,0,NA,NA,NA,0,NA,NA,NA,0,NA,NA,NA,0,NA,NA,NA,0,NA,NA,NA,0,NA,NA,NA,0,NA,NA,NA,0,
TAENIOPTERYX NEBULOSA,6969,NA,NA,1,NA,NA,NA,1,NA,NA,NA,1,NA,NA,NA,1,NA,NA,NA,1,NA,NA,NA,1,NA,NA,NA,1,NA,NA,NA,1,NA,NA,NA,1,NA,NA,NA,1,NA,NA,NA,1,NA,
TANYPODINAE GEN. SP.,6972,1,NA,NA,NA,1,NA,NA,NA,1,NA,NA,NA,1,NA,NA,NA,1,NA,NA,NA,1,NA,NA,NA,1,NA,NA,NA,1,NA,NA,NA,1,NA,NA,NA,1,NA,NA,NA,1,NA,NA,NA,
TANYPUS VILIPENNIS,6976,NA,NA,NA,0,NA,NA,NA,0,NA,NA,NA,0,NA,NA,NA,0,NA,NA,NA,0,NA,NA,NA,0,NA,NA,NA,0,NA,NA,NA,0,NA,NA,NA,0,NA,NA,NA,0,NA,NA,NA,0,
TANYTARSUS SP.,7009,NA,NA,NA,0,NA,NA,NA,0,NA,NA,NA,0,NA,NA,NA,0,NA,NA,NA,0,NA,NA,NA,0,NA,NA,NA,0,NA,NA,NA,0,NA,NA,NA,0,NA,NA,NA,0,NA,NA,NA,0,
TELMATOSCOPUS SP.,7019,NA,NA,NA,0,NA,NA,NA,0,NA,NA,NA,0,NA,NA,NA,0,NA,NA,NA,0,NA,NA,NA,0,NA,NA,NA,0,NA,NA,NA,0,NA,NA,NA,0,NA,NA,NA,0,NA,NA,NA,0,
THEODOXUS FLUVIATILIS,7025,1,NA,NA,NA,1,NA,NA,NA,1,NA,NA,NA,1,NA,NA,NA,1,NA,NA,NA,1,NA,NA,NA,1,NA,NA,NA,1,NA,NA,NA,1,NA,NA,NA,1,NA,NA,NA,1,NA,NA,NA,
THEROMYZON TESSULATUM,7034,1,NA,NA,NA,1,NA,NA,NA,1,NA,NA,NA,1,NA,NA,NA,1,NA,NA,NA,1,NA,NA,NA,1,NA,NA,NA,1,NA,NA,NA,1,NA,NA,NA,1,NA,NA,NA,1,NA,NA,NA,
THIENEMANNIMYIA LENTIGINOSA,7053,NA,NA,NA,0,NA,NA,NA,0,NA,NA,NA,0,NA,NA,NA,0,NA,NA,NA,0,NA,NA,NA,0,NA,NA,NA,0,NA,NA,NA,0,NA,NA,NA,0,NA,NA,NA,0,NA,NA,NA,0,
TINODES WAENERI SSP.,7069,NA,NA,1,NA,NA,NA,1,NA,NA,NA,1,NA,NA,NA,1,NA,NA,NA,1,NA,NA,NA,1,NA,NA,NA,1,NA,NA,NA,1,NA,NA,NA,1,NA,NA,NA,1,NA,NA,NA,1,NA,
TIPULA LATERALIS,7074,NA,NA,NA,0,NA,NA,NA,0,NA,NA,NA,0,NA,NA,NA,0,NA,NA,NA,0,NA,NA,NA,0,NA,NA,NA,0,NA,NA,NA,0,NA,NA,NA,0,NA,NA,NA,0,NA,NA,NA,0,
TIPULA SP.,7077,NA,NA,NA,0,NA,NA,NA,0,NA,NA,NA,0,NA,NA,NA,0,NA,NA,NA,0,NA,NA,NA,0,NA,NA,NA,0,NA,NA,NA,0,NA,NA,NA,0,NA,NA,NA,0,NA,NA,NA,0,
TIPULIDAE GEN. SP.,8487,1,NA,NA,NA,1,NA,NA,NA,1,NA,NA,NA,1,NA,NA,NA,1,NA,NA,NA,1,NA,NA,NA,1,NA,NA,NA,1,NA,NA,NA,1,NA,NA,NA,1,NA,NA,NA,1,NA,NA,NA,
TRIAENODES BICOLOR,7088,NA,NA,1,NA,NA,NA,1,NA,NA,NA,1,NA,NA,NA,1,NA,NA,NA,1,NA,NA,NA,1,NA,NA,NA,1,NA,NA,NA,1,NA,NA,NA,1,NA,NA,NA,1,NA,NA,NA,1,NA,
TUBIFEX SP.,7115,NA,NA,NA,0,NA,NA,NA,0,NA,NA,NA,0,NA,NA,NA,0,NA,NA,NA,0,NA,NA,NA,0,NA,NA,NA,0,NA,NA,NA,0,NA,NA,NA,0,NA,NA,NA,0,NA,NA,NA,0,
TUBIFEX TUBIFEX,7116,NA,NA,NA,0,NA,NA,NA,0,NA,NA,NA,0,NA,NA,NA,0,NA,NA,NA,0,NA,NA,NA,0,NA,NA,NA,0,NA,NA,NA,0,NA,NA,NA,0,NA,NA,NA,0,NA,NA,NA,0,
UNIO CRASSUS SSP.,19440,NA,NA,1,NA,NA,NA,1,NA,NA,NA,1,NA,NA,NA,1,NA,NA,NA,1,NA,NA,NA,1,NA,NA,NA,1,NA,NA,NA,1,NA,NA,NA,1,NA,NA,NA,1,NA,NA,NA,1,NA,
UNIO PICTORUM SSP.,19441,NA,NA,1,NA,NA,NA,1,NA,NA,NA,1,NA,NA,NA,1,NA,NA,NA,1,NA,NA,NA,1,NA,NA,NA,1,NA,NA,NA,1,NA,NA,NA,1,NA,NA,NA,1,NA,NA,NA,1,NA,
UNIO SP.,7138,1,NA,NA,NA,1,NA,NA,NA,1,NA,NA,NA,1,NA,NA,NA,1,NA,NA,NA,1,NA,NA,NA,1,NA,NA,NA,1,NA,NA,NA,1,NA,NA,NA,1,NA,NA,NA,1,NA,NA,NA,
UNIO TUMIDUS SSP.,19442,NA,NA,1,NA,NA,NA,1,NA,NA,NA,1,NA,NA,NA,1,NA,NA,NA,1,NA,NA,NA,1,NA,NA,NA,1,NA,NA,NA,1,NA,NA,NA,1,NA,NA,NA,1,NA,NA,NA,1,NA,
VALVATA CRISTATA,7142,NA,NA,1,NA,NA,NA,1,NA,NA,NA,1,NA,NA,NA,1,NA,NA,NA,1,NA,NA,NA,1,NA,NA,NA,1,NA,NA,NA,1,NA,NA,NA,1,NA,NA,NA,1,NA,NA,NA,1,NA,
VALVATA PISCINALIS SSP.,19443,NA,NA,1,NA,NA,NA,1,NA,NA,NA,1,NA,NA,NA,1,NA,NA,NA,1,NA,NA,NA,1,NA,NA,NA,1,NA,NA,NA,1,NA,NA,NA,1,NA,NA,NA,1,NA,NA,NA,1,NA,
VALVATA SP.,7146,1,NA,NA,NA,1,NA,NA,NA,1,NA,NA,NA,1,NA,NA,NA,1,NA,NA,NA,1,NA,NA,NA,1,NA,NA,NA,1,NA,NA,NA,1,NA,NA,NA,1,NA,NA,NA,1,NA,NA,NA,
VIVIPARUS CONTECTUS,7157,NA,NA,1,NA,NA,NA,1,NA,NA,NA,1,NA,NA,NA,1,NA,NA,NA,1,NA,NA,NA,1,NA,NA,NA,1,NA,NA,NA,1,NA,NA,NA,1,NA,NA,NA,1,NA,NA,NA,1,NA,
VIVIPARUS VIVIPARUS,7158,NA,NA,1,NA,NA,NA,1,NA,NA,NA,1,NA,NA,NA,1,NA,NA,NA,1,NA,NA,NA,1,NA,NA,NA,1,NA,NA,NA,1,NA,NA,NA,1,NA,NA,NA,1,NA,NA,NA,1,NA,
Percent using AQEM,NA,0.316115702,0,0.371900826,0,0.338842975,0,0.415289256,0,0.316115702,0,0.371900826,0,0.316115702,0,0.371900826,0,0.332644628,0,0.415289256,0,0.316115702,0,0.371900826,0,0.340909091,0,0.417355372,0,0.340909091,0,0.415289256,0,0.314049587,0,0.369834711,0,0.301652893,0,0.359504132,0,0.316115702,0,0.371900826,0,
Percent using Averages,NA,0,0.008264463,0.064049587,0.237603306,0,0.008264463,0.04338843,0.190082645,0,0.008264463,0.064049587,0.237603306,0,0.008264463,0.064049587,0.237603306,0,0.008264463,0.04338843,0.194214876,0,0.008264463,0.061983471,0.239669421,0,0.008264463,0.04338843,0.188016529,0,0.008264463,0.04338843,0.190082645,0,0.008264463,0.064049587,0.237603306,0,0.008264463,0.066115702,0.237603306,0,0.008264463,0.064049587,0.237603306,
Total percent,NA,0.316115702,0.008264463,0.435950413,0.237603306,0.338842975,0.008264463,0.458677686,0.190082645,0.316115702,0.008264463,0.435950413,0.237603306,0.316115702,0.008264463,0.435950413,0.237603306,0.332644628,0.008264463,0.458677686,0.194214876,0.316115702,0.008264463,0.433884298,0.239669421,0.340909091,0.008264463,0.460743802,0.188016529,0.340909091,0.008264463,0.458677686,0.190082645,0.314049587,0.008264463,0.433884298,0.237603306,0.301652893,0.008264463,0.425619835,0.237603306,0.316115702,0.008264463,0.435950413,0.237603306,
,,,,,,,,,,,,,,,,,,,,,,,,,,,,,,,,,,,,,,,,,,,,,,
,,,tachaqua,,,,tachdisp,,,,tachfeed,,,,tachfood,,,,tachlifedur,,,,tachloco,,,,tachsize,,,,tachrepcyc,,,,tachrepro,,,,tachresist,,,,tachrespir,,,
,,,aqem,subspecies,genus,family,aqem,subspecies,genus,family,aqem,subspecies,genus,family,aqem,subspecies,genus,family,aqem,subspecies,genus,family,aqem,subspecies,genus,family,aqem,subspecies,genus,family,aqem,subspecies,genus,family,aqem,subspecies,genus,family,aqem,subspecies,genus,family,aqem,subspecies,genus,family
,Percent using AQEM,,32%,0%,37%,0%,34%,0%,42%,0%,32%,0%,37%,0%,32%,0%,37%,0%,33%,0%,42%,0%,32%,0%,37%,0%,34%,0%,42%,0%,34%,0%,42%,0%,31%,0%,37%,0%,30%,0%,36%,0%,32%,0%,37%,0%
,Percent using Averages,,0%,1%,6%,24%,0%,1%,4%,19%,0%,1%,6%,24%,0%,1%,6%,24%,0%,1%,4%,19%,0%,1%,6%,24%,0%,1%,4%,19%,0%,1%,4%,19%,0%,1%,6%,24%,0%,1%,7%,24%,0%,1%,6%,24%
,Total percent,,32%,1%,44%,24%,34%,1%,46%,19%,32%,1%,44%,24%,32%,1%,44%,24%,33%,1%,46%,19%,32%,1%,43%,24%,34%,1%,46%,19%,34%,1%,46%,19%,31%,1%,43%,24%,30%,1%,43%,24%,32%,1%,44%,24%
,Total trait coverage,,100%,,,,100%,,,,100%,,,,100%,,,,99%,,,,100%,,,,100%,,,,100%,,,,99%,,,,97%,,,,100%,,,
,,,,,,,,,,,,,,,,,,,,,,,,,,,,,,,,,,,,,,,,,,,,,,
,,,Average across all traits,,,,,,,,,,,,,,,,,,,,,,,,,,,,,,,,,,,,,,,,,,,
,,,aqem,subspecies,genus,family,,,,,,,,,,,,,,,,,,,,,,,,,,,,,,,,,,,,,,,,
,Percent using AQEM,,32.3%,0.0%,38.7%,0.0%,,,,,,,,,,,,,,,,,,,,,,,,,,,,,,,,,,,,,,,,
,Percent using Averages,,0.0%,0.8%,5.7%,22.1%,,,,,,,,,,,,,,,,,,,,,,,,,,,,,,,,,,,,,,,,
,Total percent,,32.3%,0.8%,44.3%,22.1%,,,,,,,,,,,,,,,,,,,,,,,,,,,,,,,,,,,,,,,,
,Total trait coverage,,99.5%,,,,,,,,,,,,,,,,,,,,,,,,,,,,,,,,,,,,,,,,,,,
